rel_path,best_iou,picked_pred_cls,picked_gt_cls,score_top1p,score_top5p,score_top10p,score_top50p,score_top100p,AUC_topK
camera0_10_image000001.jpg,nan,-1,10,nan,nan,nan,nan,nan,0.0
camera0_10_image000011.jpg,nan,-1,10,nan,nan,nan,nan,nan,0.0
camera0_10_image000021.jpg,nan,-1,10,nan,nan,nan,nan,nan,0.0
camera0_10_image000031.jpg,nan,-1,10,nan,nan,nan,nan,nan,0.0
camera0_10_image000041.jpg,nan,-1,10,nan,nan,nan,nan,nan,0.0
camera0_10_image000051.jpg,nan,-1,10,nan,nan,nan,nan,nan,0.0
camera0_10_image000061.jpg,nan,-1,10,nan,nan,nan,nan,nan,0.0
camera0_10_image000071.jpg,0.6354628760159311,10,10,0.9543978483646467,0.8892753819261847,0.8575973552978091,0.7653382858808383,0.5211340124684142,0.7340913998580395
camera0_10_image000081.jpg,nan,-1,10,nan,nan,nan,nan,nan,0.0
camera0_10_image000091.jpg,0.6394161163007477,10,10,0.6978459691243755,0.8131036277721005,0.8343073425814164,0.7699306083014927,0.5231068355628565,0.7227386033731684
camera0_10_image000101.jpg,nan,-1,10,nan,nan,nan,nan,nan,0.0
camera0_10_image000111.jpg,nan,-1,10,nan,nan,nan,nan,nan,0.0
camera0_10_image000121.jpg,nan,-1,10,nan,nan,nan,nan,nan,0.0
camera0_10_image000131.jpg,nan,-1,10,nan,nan,nan,nan,nan,0.0
camera0_10_image000141.jpg,nan,-1,10,nan,nan,nan,nan,nan,0.0
camera0_10_image000151.jpg,nan,-1,10,nan,nan,nan,nan,nan,0.0
camera0_10_image000161.jpg,nan,-1,10,nan,nan,nan,nan,nan,0.0
camera0_10_image000171.jpg,nan,-1,10,nan,nan,nan,nan,nan,0.0
camera0_10_image000181.jpg,nan,-1,10,nan,nan,nan,nan,nan,0.0
camera0_10_image000191.jpg,nan,-1,10,nan,nan,nan,nan,nan,0.0
camera0_10_image000201.jpg,nan,-1,10,nan,nan,nan,nan,nan,0.0
camera0_10_image000211.jpg,0.6850518098601366,10,10,1.0,1.0,0.9580973559526074,0.8303178196306443,0.5233500499391426,0.7929822589978912
camera0_10_image000221.jpg,nan,-1,10,nan,nan,nan,nan,nan,0.0
camera0_10_image000231.jpg,nan,-1,10,nan,nan,nan,nan,nan,0.0
camera0_10_image000241.jpg,0.6881742767321728,10,10,1.0,1.0,0.9794280696759223,0.8178959572077608,0.5340442602249604,0.7948844055321364
camera0_10_image000251.jpg,nan,-1,10,nan,nan,nan,nan,nan,0.0
camera0_10_image000261.jpg,nan,-1,10,nan,nan,nan,nan,nan,0.0
camera0_10_image000271.jpg,0.7245686846167039,10,10,1.0,1.0,1.0,0.9393199421169488,0.5986713741213827,0.8710725429120936
camera0_10_image000281.jpg,nan,-1,10,nan,nan,nan,nan,nan,0.0
camera0_10_image000291.jpg,nan,-1,10,nan,nan,nan,nan,nan,0.0
camera0_10_image000301.jpg,0.744179185208861,10,10,1.0,1.0,1.0,0.9553657235501514,0.6257243744282976,0.885197645661255
camera0_10_image000321.jpg,0.7393297176207039,10,10,1.0,1.0,1.0,0.9413472834577458,0.6173622423346223,0.8767139779188295
camera0_10_image000331.jpg,0.727102620400341,10,10,1.0,1.0,1.0,0.9457551199585724,0.6181831695934686,0.8789248448280049
camera0_10_image000341.jpg,0.6913140094258993,10,10,1.0,1.0,1.0,0.903292745447234,0.5745893009433156,0.8486152128152367
camera0_10_image000351.jpg,0.7037190772272313,10,10,1.0,1.0,1.0,0.90881529721437,0.5759262680090983,0.8514630815643849
camera0_10_image000361.jpg,0.6975061054958376,10,10,1.0,1.0,1.0,0.9397380875016529,0.5852134653223403,0.86786414717811
camera0_10_image000371.jpg,0.7766198852385564,10,10,1.0,1.0,1.0,0.9464379252988767,0.5954249473574551,0.8734881850746042
camera0_10_image000381.jpg,0.7379878235732119,10,10,1.0,1.0,1.0,0.8193979094841999,0.5509918404669908,0.8045222418026643
camera0_10_image000391.jpg,0.6908770701380269,10,10,1.0,1.0,1.0,0.851995686597711,0.5583336916867054,0.8211934160511578
camera0_10_image000401.jpg,0.8635247030518345,10,10,1.0,1.0,1.0,0.9332867133328764,0.6318275109271202,0.8767029280116915
camera0_10_image000411.jpg,0.8338145052889954,10,10,1.0,1.0,1.0,0.9486138166375413,0.6275522603551202,0.8825901844198725
camera0_10_image000421.jpg,0.9099198185904095,10,10,1.0,1.0,1.0,0.8866512222650652,0.6217772366188334,0.8529670294686745
camera0_10_image000431.jpg,0.9076863033197117,10,10,1.0,1.0,1.0,0.8347097589306143,0.5737884578024949,0.8172388949185859
camera0_10_image000441.jpg,0.9009548923249031,10,10,1.0,1.0,1.0,0.8483263202550675,0.5678751431907297,0.8219349797095584
camera0_10_image000451.jpg,0.8649914504497807,10,10,1.0,1.0,1.0,0.8381499626188911,0.5484429995312907,0.8124022556174986
camera0_10_image000461.jpg,0.9001107147250584,10,10,1.0,1.0,1.0,0.857925384594384,0.5443965583739669,0.8203692552130956
camera0_10_image000471.jpg,0.8484837100970163,10,10,1.0,1.0,1.0,0.8634859455239925,0.5150832033338026,0.8154944205244923
camera0_10_image000481.jpg,0.934375801076647,10,10,1.0,1.0,1.0,0.8523295785862665,0.5097629699331557,0.809079851360716
camera0_10_image000491.jpg,0.9537214757944125,10,10,1.0,1.0,1.0,0.8669422153434664,0.5111119009053965,0.8160625981120294
camera0_10_image000500.jpg,0.920853783814633,10,10,1.0,1.0,1.0,0.8644599533431173,0.5044637890883023,0.8132554810873519
camera0_11_image000008.jpg,0.9599429004253336,11,11,1.0,1.0,1.0,0.9670714808671518,0.71746215908966,0.9136845516794275
camera0_11_image000011.jpg,0.9440396385893326,11,11,1.0,1.0,1.0,0.956460049345397,0.6798960060188405,0.8993747714243826
camera0_11_image000021.jpg,0.9643761251125113,11,11,1.0,1.0,1.0,0.9636049143859207,0.6805571075645073,0.9027893821866577
camera0_11_image000028.jpg,0.9341266588464745,11,11,1.0,1.0,1.0,0.9411443763869107,0.6747456368495205,0.8911125036227171
camera0_11_image000029.jpg,0.9604028639349566,11,11,1.0,1.0,1.0,0.9394046566924144,0.6758243271366924,0.8905941184805652
camera0_11_image000039.jpg,0.9609533934454201,11,11,1.0,1.0,1.0,0.9270901838874586,0.6958838115804113,0.8900621572166255
camera0_11_image000041.jpg,0.9345822861929785,11,11,1.0,1.0,1.0,0.946899186086982,0.7016508270704505,0.9005225661684388
camera0_11_image000048.jpg,0.8446787148594378,11,11,1.0,1.0,1.0,0.9235603617484929,0.6510343420920005,0.8771320689998201
camera0_11_image000063.jpg,0.969011068364895,11,11,1.0,1.0,1.0,0.9129911840553931,0.6450216189788882,0.8708095328986353
camera0_11_image000072.jpg,0.9370059259433795,11,11,1.0,1.0,1.0,0.9131299586248671,0.6366296979533435,0.8687534402722487
camera0_11_image000108.jpg,0.9139643699541681,11,11,1.0,1.0,1.0,0.9148303270327873,0.602461822153599,0.8608980835385395
camera0_11_image000153.jpg,0.940183730307187,11,11,1.0,1.0,1.0,0.9544088928775282,0.7133003286549106,0.9068778625844599
camera0_11_image000154.jpg,0.9209954684868651,11,11,1.0,1.0,1.0,0.9479935368247661,0.6964659956506668,0.8997106974583955
camera0_11_image000167.jpg,0.8369239762746664,11,11,1.0,1.0,1.0,0.9467057622241368,0.668746554956895,0.8921254866061467
camera0_11_image000173.jpg,0.9320876528648582,11,11,1.0,1.0,1.0,0.9580654085127337,0.7007133856459754,0.9053613941840648
camera0_11_image000182.jpg,0.946789738020904,11,11,1.0,1.0,1.0,0.9774987789906082,0.7347161336196348,0.9227812969198813
camera0_11_image000191.jpg,0.9316666666666666,11,11,1.0,1.0,1.0,0.9809553511231774,0.751088173217403,0.9284868195048288
camera0_11_image000192.jpg,0.9412479828642966,11,11,1.0,1.0,1.0,0.9722991073702004,0.7351589490195461,0.9205296318903805
camera0_11_image000208.jpg,0.9524703557312253,11,11,1.0,1.0,1.0,0.9377749925563015,0.6904616116388214,0.8935496460202434
camera0_11_image000209.jpg,0.9130225609601702,11,11,1.0,1.0,1.0,0.9618488469431208,0.6909640502140451,0.9046191855332482
camera0_11_image000235.jpg,0.79015193851768,11,11,1.0,1.0,1.0,0.9115467767542417,0.6666843104254707,0.8756233607533096
camera0_11_image000236.jpg,0.876099471397693,11,11,1.0,1.0,1.0,0.9252566210402023,0.669286733861088,0.8825122857912759
camera0_11_image000244.jpg,0.8838975637607447,11,11,1.0,1.0,1.0,0.8962092250373551,0.6269788138017189,0.8586251057749894
camera0_11_image000245.jpg,0.8717976117329629,11,11,1.0,1.0,1.0,0.9219460419823072,0.6476561092959213,0.8755451981979986
camera0_11_image000252.jpg,0.8362692583798111,11,11,1.0,1.0,1.0,0.920886423942722,0.6480814190737011,0.8751709550935861
camera0_11_image000256.jpg,0.8423362810766793,11,11,1.0,1.0,1.0,0.8966315777574481,0.6250380310171609,0.8583269876213555
camera0_11_image000262.jpg,0.8582643792203288,11,11,1.0,1.0,1.0,0.8584041770298731,0.6009790554230894,0.8348753974941568
camera0_11_image000263.jpg,0.8508152199273908,11,11,1.0,1.0,1.0,0.9268468192290877,0.6392040676269821,0.8756384702624596
camera0_11_image000270.jpg,0.8063636588973073,11,11,1.0,1.0,1.0,0.9622894044390624,0.6939628915731209,0.9055767221119781
camera0_11_image000271.jpg,0.8296229730985971,11,11,1.0,1.0,1.0,0.9287503866944317,0.674133004116694,0.8853241667087552
camera0_11_image000274.jpg,0.8532371071210981,11,11,1.0,1.0,1.0,0.9880002213238308,0.7012069461980843,0.9190927637830758
camera0_11_image000279.jpg,0.7850926589536193,11,11,1.0,1.0,1.0,0.9491047815777833,0.6778048000433172,0.8955033855765978
camera0_11_image000283.jpg,0.8057388624983952,11,11,1.0,1.0,1.0,0.9413591103251276,0.6425360850778801,0.8830763847634115
camera0_11_image000319.jpg,0.7566941385097261,11,11,1.0,1.0,1.0,0.9471380083365485,0.6576739115816437,0.889525840047331
camera0_11_image000332.jpg,0.707590600322532,11,11,1.0,1.0,1.0,0.9527254515962537,0.6445341087884082,0.8887474549650669
camera0_11_image000380.jpg,0.6273473736319318,11,11,1.0,1.0,1.0,0.9781047600114456,0.7698327564179913,0.9319245768784327
camera0_11_image000391.jpg,0.6283872077733218,11,11,1.0,1.0,1.0,0.978672383918357,0.7989516988309944,0.9395358560313225
camera0_11_image000394.jpg,0.6124371100825116,11,11,1.0,1.0,1.0,0.9791602342561868,0.8261124943268163,0.9466163929262507
camera0_11_image000410.jpg,0.6394218579852947,11,11,1.0,1.0,1.0,0.912175801811103,0.778855748525778,0.904235401966102
camera0_11_image000422.jpg,nan,-1,11,nan,nan,nan,nan,nan,0.0
camera0_11_image000446.jpg,nan,-1,11,nan,nan,nan,nan,nan,0.0
camera0_11_image000453.jpg,0.5045817567817396,11,11,0.1984856798604627,0.1623658761305932,0.13948186371786983,0.18778773379678101,0.24402034448367776,0.19006986231219955
camera0_11_image000455.jpg,nan,-1,11,nan,nan,nan,nan,nan,0.0
camera0_11_image000456.jpg,0.5033963315983058,11,11,0.020591907858849984,0.14617512806049268,0.16135453302597785,0.1649508752400411,0.24552920893254257,0.18071180297161446
camera0_11_image000463.jpg,0.46425158934050964,11,11,0.09661892782008358,0.12607320992848292,0.11505083511892819,0.11728363341393269,0.18337677921844447,0.13344842499578088
camera0_11_image000466.jpg,0.4662088068240895,11,11,0.09578393427665881,0.2347778109108421,0.1701852644681353,0.13008953696510564,0.22289445751407183,0.1667033037319869
camera0_11_image000474.jpg,0.48023128407545773,11,11,0.0,0.009917121453775345,0.04459300037101781,0.08934110707217763,0.19160951634052342,0.09958138668334313
camera0_11_image000477.jpg,0.4833115773888158,11,11,0.0,0.0,0.0,0.055460904367456626,0.14475966938814785,0.06176497405292167
camera0_11_image000490.jpg,0.458888999691105,11,11,0.0,0.0,0.0,0.000374705856594482,0.14070835824055866,0.03570273454101736
camera0_12_image000001.jpg,0.3910366075358325,12,12,0.9330873882443389,0.6034837617124903,0.598079490394443,0.6304318057049558,0.5516710804767475,0.6080792778455714
camera0_12_image000011.jpg,0.6737960153054493,12,12,1.0,1.0,1.0,0.9384387365311806,0.8888465627648785,0.9439485577073242
camera0_12_image000021.jpg,nan,-1,12,nan,nan,nan,nan,nan,0.0
camera0_12_image000031.jpg,0.5731345702017338,12,12,0.0,0.13893563568417155,0.3506718808480877,0.6543876071893591,0.6694443891557329,0.5525139366876286
camera0_12_image000041.jpg,0.5801840873293664,12,12,0.9919000655753398,0.9305530900462573,0.7503472575841376,0.6499373077423702,0.6513183937155176,0.6927701113464297
camera0_12_image000051.jpg,0.5871692407387407,12,12,1.0,1.0,1.0,1.0,0.9574478916706248,0.9892545180986426
camera0_12_image000061.jpg,nan,-1,12,nan,nan,nan,nan,nan,0.0
camera0_12_image000071.jpg,0.7918972151436084,12,12,1.0,1.0,1.0,0.9677989714372961,0.8273950739025564,0.941776066285275
camera0_12_image000081.jpg,0.9224254556887903,9,12,1.0,0.9900579818095054,0.9229321024862632,0.7218276837811187,0.6644298872708639,0.7708507694546024
camera0_12_image000091.jpg,0.8397985804937512,12,12,1.0,0.9739892031861836,0.8710677048552323,0.9091451202250413,0.8685357874241044,0.8950191905990912
camera0_12_image000101.jpg,0.8185615554036607,12,12,1.0,1.0,1.0,1.0,0.9593496956639409,0.9897347716323084
camera0_12_image000111.jpg,0.9055346658750577,12,12,1.0,1.0,1.0,1.0,0.8326146575596929,0.9577309741312355
camera0_12_image000121.jpg,0.941492816502559,12,12,1.0,1.0,1.0,1.0,0.636616045455712,0.9082363751150788
camera0_12_image000131.jpg,0.9396381466936051,12,12,1.0,1.0,1.0,1.0,0.7369937706589781,0.9335842855199439
camera0_12_image000141.jpg,0.9580020027095482,12,12,1.0,1.0,1.0,1.0,0.740770047724924,0.9345378908396272
camera0_12_image000151.jpg,0.9303296687473451,12,12,1.0,1.0,1.0,0.9841908069873126,0.765490103550276,0.9335943323554138
camera0_12_image000161.jpg,0.9682544627558491,12,12,1.0,1.0,1.0,1.0,0.7759027325187557,0.9434097809390797
camera0_12_image000171.jpg,0.9718191517738064,12,12,1.0,1.0,1.0,0.9413605362754851,0.684234042285833,0.8936068200963905
camera0_12_image000181.jpg,0.9483558552848415,12,12,1.0,1.0,1.0,0.9829235515721086,0.6029553705490676,0.8919741826714301
camera0_12_image000191.jpg,0.9600131779434172,17,12,1.0,1.0,1.0,1.0,1.0000000991854692,1.0000000250468357
camera0_12_image000201.jpg,0.9174000682917157,12,12,1.0,1.0,1.0,1.0,0.864648641926692,0.9658203641229021
camera0_12_image000211.jpg,0.9227689125295508,12,12,1.0,1.0,1.0,0.9918053860487643,0.7612965614656696,0.9359965293821833
camera0_12_image000221.jpg,0.9439357832685313,12,12,1.0,1.0,1.0,0.948798755096491,0.7350912892008267,0.9098305677713411
camera0_12_image000231.jpg,0.8930041152263375,12,12,1.0,1.0,1.0,0.9791175211592866,0.606502795717204,0.8911399832838182
camera0_12_image000241.jpg,0.9402907193440179,12,12,1.0,1.0,1.0,0.8943441383364548,0.47308236993063296,0.8189146007414778
camera0_12_image000251.jpg,0.9702459472928209,12,12,1.0,1.0,1.0,0.9999463463992473,0.8013789723077637,0.9498187868248507
camera0_12_image000261.jpg,0.937028876261162,12,12,1.0,1.0,1.0,0.9953155572504393,0.8116632475440054,0.9503109218673728
camera0_12_image000271.jpg,0.9417596034696406,12,12,1.0,1.0,1.0,1.0,0.9262574832730145,0.9813781523416704
camera0_12_image000281.jpg,0.9279990607296956,12,12,1.0,1.0,1.0,1.0,0.9904763516154986,0.9975950382867421
camera0_12_image000291.jpg,0.948834628190899,17,12,0.69672188716528,0.6760802251855565,0.7429542226066931,0.6446693882238917,0.45876894261876383,0.6225416245642462
camera0_12_image000301.jpg,0.9561213769235524,17,12,1.0,1.0,1.0,0.9823550934558108,0.5908489615419514,0.8886586186268715
camera0_12_image000331.jpg,0.956644858900498,1,12,1.0,0.6445341487372154,0.38627186114743917,0.21146529251590204,0.28675956965473665,0.3058227065628168
camera0_12_image000341.jpg,0.9114563597322218,5,12,1.0,1.0,1.0,0.7924301382408534,0.6808013687394732,0.8250443478719721
camera0_12_image000351.jpg,0.961789375582479,5,12,1.0,1.0,1.0,0.6845725843070238,0.681813713907759,0.7762738297122228
camera0_12_image000361.jpg,0.957673181450214,12,12,1.0,1.0,1.0,0.9982987239266062,0.8281400545232053,0.9558277165634083
camera0_12_image000371.jpg,0.9459170112226817,12,12,1.0,1.0,1.0,1.0,0.9140879767368397,0.978305044630515
camera0_12_image000381.jpg,0.974241794765268,12,12,1.0,1.0,1.0,1.0,0.9633113672228678,0.9907351937431484
camera0_12_image000391.jpg,0.9506817213463996,12,12,1.0,1.0,1.0,1.0,0.9235094201020521,0.9806841969954677
camera0_12_image000401.jpg,0.9342036003789873,12,12,1.0,1.0,1.0,0.9024889813594279,0.7761770587463479,0.8991558649478076
camera0_12_image000411.jpg,0.9420363186596953,17,12,0.0,0.0,0.0,0.07240798891793918,0.1012032136320328,0.05846908931422306
camera0_12_image000421.jpg,0.9259304354884532,1,12,1.0,1.0,1.0,1.0,0.8188578614186315,0.9542570357117757
camera0_12_image000431.jpg,0.9462711696543528,12,12,0.09380765501116085,0.19524900625913683,0.257824122780592,0.45414112459439093,0.47339143993395033,0.3953375273317991
camera0_12_image000441.jpg,0.9452673267326732,12,12,1.0,1.0,1.0,1.0,0.9706014301551388,0.9925761187260451
camera0_12_image000451.jpg,0.9166666666666666,5,12,1.0,1.0,1.0,1.0,0.6956939719031922,0.923155043409897
camera0_12_image000461.jpg,0.954864593781344,5,12,1.0,1.0,1.0,0.9728683956065974,0.5707335183283133,0.879266825863684
camera0_12_image000471.jpg,0.9069637883008357,12,12,1.0,1.0,1.0,0.8893001814037579,0.6317846230497522,0.8566982195900295
camera0_12_image000481.jpg,0.8831981068289385,12,12,1.0,1.0,1.0,0.9861010781112539,0.8382140841641861,0.95282727898092
camera0_12_image000491.jpg,0.946102725839153,1,12,0.0,0.0,0.0,0.0,0.0,0.0
camera0_12_image000500.jpg,0.9476526173691315,4,12,0.0,0.0,0.0,0.0,0.02457541085403404,0.006205911831826778
camera0_13_image000012.jpg,0.49205263559997237,13,13,0.25547028964796364,0.49199381149953125,0.5208558999758038,0.5307463167650834,0.5550315955441225,0.5273085315508205
camera0_13_image000034.jpg,0.7142172136699727,13,13,1.0,1.0,1.0,0.9575900486364395,0.8250279070197709,0.9365378774154954
camera0_13_image000046.jpg,0.7207195286455175,13,13,1.0,1.0,0.9640528092749951,0.8285369914917817,0.7269536516916112,0.8449413547283622
camera0_13_image000048.jpg,0.6160808770617866,13,13,1.0,1.0,1.0,0.933132606332498,0.747913506860796,0.9059475248129527
camera0_13_image000057.jpg,0.5625159802323706,13,13,1.0,0.9210696661791488,0.7617789481084907,0.6855155773511228,0.5966061171131194,0.697456502412886
camera0_13_image000083.jpg,0.5488873946622594,13,13,1.0,1.0,1.0,0.8318454271795187,0.7017323728388526,0.848245995394441
camera0_13_image000093.jpg,0.5855805243445693,13,13,1.0,0.9401566871113712,0.9257622084080787,0.7878356240293616,0.7239601415430538,0.8142622363745511
camera0_13_image000103.jpg,0.6327831255203542,13,13,1.0,0.7757878461488147,0.7950922250725063,0.8080911906421442,0.7269153283656502,0.7870465369680687
camera0_13_image000108.jpg,0.49099107879638476,13,13,1.0,0.8658165617676508,0.8105769841016853,0.7539320174990172,0.6793755062332091,0.7580352031669529
camera0_13_image000118.jpg,0.5371234949174158,13,13,0.7908801280901451,0.7933759119808343,0.696507800788119,0.5675886019673533,0.541891961990789,0.6051733688497712
camera0_13_image000127.jpg,0.5666541514412781,13,13,1.0,0.7991073313968305,0.7571958428676796,0.7641029890931662,0.6588655389995454,0.7423147721211075
camera0_13_image000133.jpg,0.59180305212857,13,13,0.9787084605896049,0.7563499002484768,0.5553331712788233,0.42381844761383275,0.5081270736987195,0.5013231799107206
camera0_13_image000155.jpg,0.7566170543712496,13,13,1.0,1.0,0.9930792470443637,0.9412932771601048,0.82328058871823,0.9271161136228147
camera0_13_image000165.jpg,0.6202287778446719,13,13,1.0,0.9250265320260123,0.886178096971917,0.863732018223911,0.7437598340440619,0.8440763964359871
camera0_13_image000169.jpg,0.565216307100349,13,13,1.0,1.0,1.0,0.941362560986955,0.7647454523929619,0.9139389045882528
camera0_13_image000175.jpg,0.5653818024148985,13,13,1.0,0.8819544265212051,0.8019310742074327,0.7658862706728327,0.7100549075650125,0.7699848379637924
camera0_13_image000177.jpg,0.5775242864702144,13,13,1.0,1.0,0.9943064588532231,0.8054635547474142,0.7400830597022224,0.8446447654584518
camera0_13_image000182.jpg,0.566279267397723,13,13,1.0,1.0,1.0,1.0,0.8555260612021409,0.9635166821217528
camera0_13_image000185.jpg,0.49013253849132055,13,13,1.0,1.0,1.0,0.9633067930867172,0.8200550749786203,0.93788063195321
camera0_13_image000199.jpg,0.5729613852698824,13,13,1.0,1.0,1.0,0.9739551482173626,0.8320388482191706,0.9457469987400059
camera0_13_image000228.jpg,0.6233314143212992,13,13,0.8245667911678752,0.7845948814516442,0.7694990225793461,0.7001059003375794,0.643935874484661,0.7080474841839498
camera0_13_image000239.jpg,0.6107258645533141,13,13,1.0,0.901588387891991,0.7809014926245297,0.6250585318454585,0.5904813083859698,0.6718898785076843
camera0_13_image000241.jpg,0.6896118516334238,16,13,1.0,1.0,0.9667555504737068,0.7895725355833294,0.7601862050922079,0.8362365567092266
camera0_13_image000251.jpg,0.7086310514261105,13,13,1.0,1.0,0.9766783048399573,0.9111724286393295,0.8691824257513736,0.9212887049641738
camera0_13_image000257.jpg,0.7317153767072991,13,13,1.0,1.0,1.0,0.9151870782404167,0.8663703504722843,0.9277038109356147
camera0_13_image000271.jpg,0.6413580276539276,13,13,0.9757592060094528,0.9361283343585222,0.9000632419294959,0.8328160779757712,0.7316111736775517,0.8301264819282265
camera0_13_image000274.jpg,0.6189447990987608,13,13,0.5227725695085077,0.6556875624371865,0.6793037688324691,0.760478752678874,0.7140741054284351,0.7207461664138901
camera0_13_image000275.jpg,0.6474788835763703,13,13,1.0,1.0,1.0,0.929487563392099,0.8012722247578139,0.9177651108241395
camera0_13_image000278.jpg,0.6088024881577666,13,13,1.0,1.0,1.0,0.944485696550327,0.7894798179574027,0.9216045635727251
camera0_13_image000280.jpg,0.601225066750432,13,13,1.0,1.0,1.0,0.9066192189000202,0.7484729188963644,0.8940372507364649
camera0_13_image000283.jpg,0.6647981650597742,13,13,1.0,1.0,1.0,0.9944500589895953,0.8780920833920368,0.9666924721144717
camera0_13_image000287.jpg,0.6000630423993669,13,13,1.0,1.0,0.959144353947348,0.8596921427935444,0.7324613447501162,0.8593780606896742
camera0_13_image000294.jpg,0.6544519827116425,13,13,1.0,1.0,0.9998731283726346,0.8942235510122678,0.7935214127207203,0.8997499040601448
camera0_13_image000297.jpg,0.680742559357846,13,13,1.0,1.0,1.0,1.0,0.8821096153069068,0.9702297008350774
camera0_13_image000299.jpg,0.6600768213819005,13,13,1.0,1.0,1.0,0.9841525106321034,0.8678297365688854,0.9594202665925937
camera0_13_image000308.jpg,0.6674168957966313,13,13,1.0,1.0,1.0,0.9968804196419603,0.8585000925361793,0.9628497090635626
camera0_13_image000315.jpg,0.7505789227682372,13,13,1.0,1.0,1.0,0.9782403514976701,0.8423931223471378,0.9503095341017536
camera0_13_image000319.jpg,0.7972958590022279,13,13,1.0,1.0,1.0,0.9908914745241607,0.9133108138217063,0.9739685525164636
camera0_13_image000320.jpg,0.8249684005115052,13,13,1.0,1.0,1.0,0.9762905925985614,0.8649987396472194,0.9551317692738965
camera0_13_image000336.jpg,0.6390357665385861,13,13,1.0,1.0,0.9425547109583632,0.6245622706538053,0.599010135424055,0.7150306723392504
camera0_13_image000367.jpg,0.8071740885074945,13,13,1.0,1.0,1.0,1.0,0.9931535116342659,0.9982710887965318
camera0_13_image000379.jpg,0.7804252752224401,13,13,0.5105845156302316,0.5833472083236729,0.6073771002583491,0.7378238709067343,0.7474340398230477,0.6989913273829201
camera0_13_image000387.jpg,0.7427777929044027,13,13,1.0,1.0,1.0,0.9793796537297803,0.8780416241166701,0.9598295456642107
camera0_13_image000394.jpg,0.7058078011985596,13,13,1.0,1.0,1.0,0.9163515339290257,0.8495731190007477,0.9239913838568167
camera0_13_image000421.jpg,0.6311233965360861,13,13,1.0,0.9928677079471248,0.7869019223339585,0.6129713268384096,0.6098204004887577,0.6767920975578131
camera0_13_image000430.jpg,0.7946078186175316,13,13,1.0,1.0,1.0,0.9581441003097119,0.8656168412882649,0.9470394499610472
camera0_13_image000434.jpg,0.7357511960907838,13,13,1.0,1.0,1.0,0.9792899718916583,0.7689341442311277,0.9322363872818467
camera0_13_image000447.jpg,0.5845211414911101,13,13,1.0,0.8634012833933805,0.6201421914802363,0.536426026359775,0.533407936900786,0.5789179261846976
camera0_13_image000457.jpg,0.6294629624010661,13,13,0.31946492815406813,0.5696041307255862,0.5932212362750845,0.7027471378405434,0.712966219634287,0.6666404338832759
camera0_13_image000474.jpg,0.8242169676286198,13,13,1.0,1.0,1.0,0.9565660420501078,0.7778691603894461,0.9241636454746567
camera0_14_image000001.jpg,0.8039549529221113,14,14,0.790815001790781,0.9192957584765088,0.9426022763243068,0.9573637593458061,0.8340656944356989,0.917778016822995
camera0_14_image000011.jpg,0.7553728486030593,14,14,1.0,0.9903850352618259,0.9506592023748064,0.9095499975562426,0.7988675051202677,0.8964444669712016
camera0_14_image000021.jpg,0.7953362873946969,14,14,1.0,1.0,1.0,0.9561896790047463,0.8268429432077444,0.9363596882364363
camera0_14_image000031.jpg,0.8121200772426708,14,14,1.0,0.9790426817547001,0.9686011529722904,0.9643755601802801,0.8472843733888509,0.9371538136626926
camera0_14_image000041.jpg,0.7898970117675858,14,14,1.0,1.0,1.0,0.9999642117568038,0.8687314191552981,0.9668351010902891
camera0_14_image000051.jpg,0.7969927467972872,14,14,1.0,1.0,0.9784354704298628,0.9461973339243045,0.8187153637253483,0.9248642646909023
camera0_14_image000061.jpg,0.800311427731876,14,14,1.0,1.0,1.0,0.9900959762000436,0.8666571557252791,0.9618257355771106
camera0_14_image000071.jpg,0.769830381345271,14,14,1.0,1.0,1.0,0.9608192364325667,0.8062836040764818,0.9332722802159349
camera0_14_image000081.jpg,0.8091413151181667,14,14,1.0,0.9785353379496455,0.9425074156088397,0.9661903897895497,0.831125490711494,0.9279447543463574
camera0_14_image000091.jpg,0.8075102863926881,14,14,1.0,1.0,1.0,0.9917902902888905,0.8636671549287847,0.9618408276385827
camera0_14_image000101.jpg,0.790705212522079,14,14,1.0,1.0,1.0,0.9802136778374888,0.8404753234988499,0.9507222079813965
camera0_14_image000111.jpg,0.8158175937842831,14,14,1.0,1.0,1.0,0.9856678415172939,0.8494769398317619,0.9554745087280028
camera0_14_image000121.jpg,0.8063143105086987,14,14,1.0,1.0,1.0,1.0,0.8510432481692523,0.962384658628599
camera0_14_image000131.jpg,0.8764085216962746,14,14,1.0,1.0,1.0,1.0,0.8930328230503017,0.972988086628864
camera0_14_image000141.jpg,0.8531669301837297,14,14,1.0,1.0,1.0,1.0,0.8760261456106291,0.9686934711137951
camera0_14_image000151.jpg,0.8799002286426938,14,14,1.0,1.0,1.0,1.0,0.870997260701459,0.9674235506821867
camera0_14_image000161.jpg,0.9157539568498473,14,14,1.0,1.0,1.0,1.0,0.8855003799727174,0.9710859545385649
camera0_14_image000171.jpg,0.9066527323817496,14,14,1.0,1.0,1.0,1.0,0.8712855589804801,0.967496353277899
camera0_14_image000181.jpg,0.938898958235777,14,14,1.0,1.0,1.0,1.0,0.8774501360046614,0.9690530646476417
camera0_14_image000191.jpg,0.9565188160747601,14,14,1.0,1.0,1.0,1.0,0.8812640199797961,0.9700161666615648
camera0_14_image000201.jpg,0.9430711504424779,14,14,1.0,1.0,1.0,1.0,0.8775397185104411,0.9690756864925356
camera0_14_image000211.jpg,0.6925346535821979,14,14,1.0,1.0,1.0,0.9627838908800774,0.7514424631125766,0.9203165319941202
camera0_14_image000221.jpg,0.9412388405932938,14,14,1.0,1.0,1.0,1.0,0.8751952524853077,0.968483649617502
camera0_14_image000231.jpg,0.9307428365037322,14,14,1.0,1.0,1.0,0.9999671203833101,0.8668624376471689,0.9663644581659413
camera0_14_image000241.jpg,0.9500669763730156,14,14,1.0,1.0,1.0,1.0,0.8770991585529917,0.9689644339780281
camera0_14_image000251.jpg,0.959859130744278,14,14,1.0,1.0,1.0,1.0,0.8897553893946941,0.972160451867347
camera0_14_image000261.jpg,0.9555217164026455,14,14,1.0,1.0,1.0,1.0,0.8707919979355666,0.9673717166503957
camera0_14_image000271.jpg,0.761058919947711,14,14,1.0,1.0,1.0,0.987988780353228,0.8101695209767902,0.946603365053687
camera0_14_image000281.jpg,0.9532771475534885,14,14,1.0,1.0,1.0,1.0,0.880700974247965,0.9698739833959508
camera0_14_image000291.jpg,0.9367747849092765,14,14,1.0,1.0,1.0,1.0,0.8576572611763361,0.9640548639334182
camera0_14_image000301.jpg,0.9315919115948262,14,14,1.0,1.0,1.0,1.0,0.8689577331034075,0.9669085184604563
camera0_14_image000321.jpg,0.927750520868338,14,14,1.0,1.0,1.0,1.0,0.8717148089911236,0.9676047497452333
camera0_14_image000331.jpg,0.9457053467633084,14,14,1.0,1.0,1.0,1.0,0.8556019632047354,0.9635358492941252
camera0_14_image000341.jpg,0.9233536662253325,14,14,1.0,1.0,1.0,1.0,0.8518387334348281,0.9625855387461688
camera0_14_image000351.jpg,0.9464057039466618,14,14,1.0,1.0,1.0,1.0,0.8787918149175208,0.9693918724539193
camera0_14_image000361.jpg,0.9421723797904167,14,14,1.0,1.0,1.0,1.0,0.8580756192632406,0.9641605099149597
camera0_14_image000371.jpg,0.9292639750890439,14,14,1.0,1.0,1.0,1.0,0.8668334431757928,0.9663720816100486
camera0_14_image000381.jpg,0.9332548251649554,14,14,1.0,1.0,1.0,1.0,0.8445548490819551,0.9607461740105947
camera0_14_image000391.jpg,0.9649497061482821,14,14,1.0,1.0,1.0,1.0,0.854575176273876,0.9632765596651202
camera0_14_image000401.jpg,0.9302165594141,14,14,1.0,1.0,1.0,0.9971916303237138,0.8294287115266992,0.9556499106336829
camera0_14_image000411.jpg,0.9687168745276846,14,14,1.0,1.0,1.0,1.0,0.8354524436711344,0.95844758678564
camera0_14_image000421.jpg,0.9497979884810454,14,14,1.0,1.0,1.0,1.0,0.8574681114661006,0.964007098855076
camera0_14_image000431.jpg,0.9607039638841424,14,14,1.0,1.0,1.0,0.9994900684999408,0.8551499422866078,0.9631899155521467
camera0_14_image000441.jpg,0.9370140051839447,14,14,1.0,1.0,1.0,0.9977169550293612,0.83363721128798,0.9569514470557652
camera0_14_image000451.jpg,0.9434135016268005,14,14,1.0,1.0,1.0,1.0,0.8342980118263049,0.9581560635925012
camera0_14_image000461.jpg,0.9326794079482724,14,14,1.0,1.0,1.0,1.0,0.8591078792339991,0.9644211816247473
camera0_14_image000471.jpg,0.9615213904850956,14,14,1.0,1.0,1.0,1.0,0.8422542031785446,0.9601652028228648
camera0_14_image000481.jpg,0.9476341612909098,14,14,1.0,1.0,1.0,0.998216806834282,0.8406653932007906,0.9589534458339641
camera0_14_image000491.jpg,0.9675747256905032,14,14,1.0,1.0,1.0,1.0,0.8575194190529805,0.9640200553164092
camera0_14_image000500.jpg,0.9774279235503726,14,14,1.0,1.0,1.0,1.0,0.8494828243331064,0.9619906122053299
camera0_15_image000012.jpg,0.9292715378645082,15,15,1.0,1.0,1.0,1.0,0.8740718280728719,0.9681999565840586
camera0_15_image000021.jpg,0.9504180439432238,15,15,1.0,1.0,1.0,1.0,0.8605357624551283,0.9647817581957395
camera0_15_image000022.jpg,0.9170403351990507,15,15,1.0,1.0,1.0,1.0,0.869366557225119,0.96701175687503
camera0_15_image000024.jpg,0.9547532852856843,15,15,1.0,1.0,1.0,1.0,0.8602985936024211,0.9647218670713185
camera0_15_image000035.jpg,0.914525716462345,15,15,1.0,1.0,1.0,0.9870770860036445,0.8456557520363192,0.955150127990626
camera0_15_image000041.jpg,0.8941637379731521,15,15,1.0,1.0,1.0,0.9962981551598444,0.8520560623641059,0.9609577630433904
camera0_15_image000047.jpg,0.8993020937188435,15,15,1.0,1.0,1.0,0.989143241316722,0.8253782709077743,0.9509687134540086
camera0_15_image000049.jpg,0.9010353115178407,15,15,1.0,1.0,1.0,0.9755163401404608,0.8096619594542082,0.9408059019462217
camera0_15_image000050.jpg,0.9537337662337663,15,15,1.0,1.0,1.0,0.9804842074535488,0.7917288706214535,0.9385354656661216
camera0_15_image000086.jpg,0.9060918163672654,15,15,1.0,1.0,1.0,1.0,0.821342727545533,0.9548845271579628
camera0_15_image000094.jpg,0.9659332509270705,15,15,1.0,1.0,1.0,1.0,0.8398298969422311,0.9595530042783412
camera0_15_image000129.jpg,0.9387031893496791,15,15,1.0,1.0,1.0,0.9751606939604288,0.7974990863908432,0.9375728119999028
camera0_15_image000130.jpg,0.9661595434509251,15,15,1.0,1.0,1.0,0.9878068444918762,0.8369710562199402,0.9532887313902316
camera0_15_image000132.jpg,0.9638664748441442,15,15,1.0,1.0,1.0,0.9675964961325751,0.7873363498329791,0.9315681926443471
camera0_15_image000136.jpg,0.9508856247974943,15,15,1.0,1.0,1.0,0.9780213380711557,0.8078570078900749,0.9414887415197362
camera0_15_image000141.jpg,0.979708042185372,15,15,1.0,1.0,1.0,0.946490799958918,0.7709493457807866,0.9178365620471816
camera0_15_image000144.jpg,0.9712208643735757,15,15,1.0,1.0,1.0,0.9682547137909973,0.7810920220411871,0.9302905320366117
camera0_15_image000145.jpg,0.9713925848507993,15,15,1.0,1.0,1.0,0.9584794838168272,0.7790179858725211,0.9253234991774774
camera0_15_image000153.jpg,0.979036206589375,15,15,1.0,1.0,1.0,0.9918071982361273,0.83226873709578,0.9539196196769719
camera0_15_image000165.jpg,0.91754799988346,15,15,1.0,1.0,1.0,1.0,0.8191828058169685,0.9543390923780223
camera0_15_image000181.jpg,0.9362242468493064,15,15,1.0,1.0,1.0,0.9222152997115677,0.7110779130444411,0.8916831950821371
camera0_15_image000191.jpg,0.9703961756366649,15,15,1.0,1.0,1.0,0.9187851386272151,0.711978841859875,0.8903515382295107
camera0_15_image000193.jpg,0.9752727272727273,15,15,1.0,1.0,1.0,0.8803371415491712,0.7113315386024985,0.8727117155027795
camera0_15_image000229.jpg,0.9751373985867574,15,15,0.31325709304578664,0.70323012063236,0.7808777294103694,0.8235276370959435,0.7149151561535706,0.7706305173113861
camera0_15_image000232.jpg,0.9654765254013317,15,15,1.0,1.0,0.9463094917349828,0.8960760501776701,0.7705838937472239,0.8826260925829583
camera0_15_image000257.jpg,0.9427688913403199,15,15,1.0,0.9927334350809675,0.9691772925860771,0.9296105509012912,0.7848988024560422,0.906350852454649
camera0_15_image000262.jpg,0.9333399359078658,15,15,1.0,1.0,0.9982561660512149,0.9465918360236791,0.7775427981340864,0.919151174854243
camera0_15_image000266.jpg,0.9301535155685035,15,15,1.0,1.0,1.0,0.9806453122316529,0.7900612916903613,0.9381875893200345
camera0_15_image000268.jpg,0.9536045189956257,15,15,1.0,1.0,1.0,0.9441226472782007,0.7688387663366537,0.9162271544033876
camera0_15_image000280.jpg,0.9714481972057337,15,15,1.0,1.0,1.0,0.9692318658307704,0.802969626689907,0.936259339693256
camera0_15_image000288.jpg,0.9758018784609139,15,15,1.0,1.0,1.0,0.9293957146888504,0.796708294531422,0.9165708537806446
camera0_15_image000301.jpg,0.9636947020034865,15,15,1.0,1.0,1.0,0.9542682298917007,0.7818565366173227,0.9241260985915112
camera0_15_image000307.jpg,0.9679893860812929,15,15,1.0,1.0,1.0,0.9976627974292394,0.8147095142437812,0.952147108488993
camera0_15_image000309.jpg,0.9479908642464567,15,15,1.0,1.0,1.0,0.9898322947147632,0.7996683690685276,0.9447895200896721
camera0_15_image000332.jpg,0.9142075725881246,15,15,1.0,1.0,1.0,0.9909730739433897,0.888447965794791,0.9677271461850738
camera0_15_image000360.jpg,0.7332764677818098,15,15,1.0,1.0,1.0,0.8730570888705456,0.8423986985138424,0.9025003683032384
camera0_15_image000362.jpg,0.7114076201995767,15,15,1.0,1.0,1.0,0.8493826439626961,0.8165756028093173,0.8852182732177198
camera0_15_image000365.jpg,0.7005178272126679,15,15,1.0,1.0,1.0,0.891129674161,0.8119848707276117,0.9030349202569221
camera0_15_image000370.jpg,0.6833832206769377,16,15,1.0,1.0,1.0,0.9053027382618386,0.8245212119936193,0.9126429648648811
camera0_15_image000374.jpg,0.5913512825710308,15,15,1.0,1.0,0.9898926058235822,0.7455864487273723,0.7027658658367124,0.8070012168654562
camera0_15_image000383.jpg,0.6524356980067286,15,15,1.0,1.0,1.0,0.961838897730329,0.8481695958546311,0.9443130332750564
camera0_15_image000409.jpg,0.47541618660077833,15,15,1.0,1.0,1.0,0.9122519796084306,0.7298239431541073,0.8918882592043642
camera0_15_image000450.jpg,0.4521847326621175,15,15,1.0,0.8472416199621146,0.8142653235803744,0.7595216408017379,0.724110245009734,0.7718665356738333
camera0_15_image000464.jpg,0.4277537999624695,15,15,1.0,1.0,0.9935592431666093,0.9151860880856962,0.8024773917225484,0.9101049669511995
camera0_15_image000465.jpg,0.4344806415716972,15,15,0.976823120380902,0.9877982478993756,0.9868465635662693,0.9431211383429988,0.811510306662138,0.9225353023084691
camera0_15_image000476.jpg,0.40818312422181785,15,15,0.7835622338722469,0.6305097528426263,0.7203758830506315,0.8584816687604918,0.7669497997576328,0.7921039981044291
camera0_15_image000479.jpg,0.3857431275176776,15,15,0.0,0.0,0.011571993902266,0.5438824445134232,0.6167911383625096,0.40560462954512905
camera0_15_image000483.jpg,0.38818959592459507,15,15,0.0,0.10842056817773753,0.28304930039038223,0.5938733035693236,0.6204657991014388,0.49588328741150456
camera0_15_image000484.jpg,0.41325668942750676,15,15,0.9833683559994867,0.6993485084529203,0.6384190793016904,0.6422511298908806,0.7419463227058166,0.6760423555258607
camera0_15_image000492.jpg,0.43352459502872753,15,15,1.0,0.6409015118996302,0.627428821530703,0.6918044932488916,0.6808494044337293,0.6783196221720454
camera0_16_image000001.jpg,0.3564362881575974,16,16,0.4259810736646026,0.6564005647163469,0.694879886779464,0.6283671676796563,0.5016968942785218,0.6086818893296796
camera0_16_image000011.jpg,0.4269706244516542,16,16,0.0,0.06224618658538259,0.12149999650589281,0.4607896044508072,0.5073268051325339,0.36800565747087355
camera0_16_image000021.jpg,0.49855017282169567,16,16,0.004555288196172806,0.4555204184701249,0.5969615466153869,0.5724672861615306,0.5654874003867948,0.559482829750433
camera0_16_image000031.jpg,0.40228179301779754,16,16,0.925893874312263,0.5286734290377135,0.591460545273492,0.7598620364654589,0.6940860973828104,0.6978244901359972
camera0_16_image000041.jpg,0.41834582897994954,16,16,0.0,0.2574167430240316,0.3987311394495995,0.4255583764078299,0.47928551753782456,0.41678879654567774
camera0_16_image000051.jpg,0.5591540759666841,16,16,1.0,0.8921682473321593,0.855505899320394,0.8163347743257682,0.7530215414891022,0.8164064972685929
camera0_16_image000061.jpg,0.6189496474212706,16,16,0.1848222484482217,0.2901785186254078,0.40343988543572024,0.5228423870729605,0.5421888054596343,0.4831865940180663
camera0_16_image000071.jpg,0.7175510204081633,16,16,0.9974506814974093,0.9955019465328219,0.9949820267231511,0.9209018905265176,0.8198678557835773,0.9171619918378399
camera0_16_image000081.jpg,0.8624752523057608,16,16,1.0,1.0,1.0,1.0,0.997441436062057,0.9993538979954689
camera0_16_image000091.jpg,0.8655611754913887,13,16,0.0,0.08656791714131948,0.1216059621897398,0.43977230789390553,0.5302538934909413,0.36537162594852896
camera0_16_image000101.jpg,nan,-1,16,nan,nan,nan,nan,nan,0.0
camera0_16_image000111.jpg,nan,-1,16,nan,nan,nan,nan,nan,0.0
camera0_16_image000121.jpg,0.7646496337097654,16,16,1.0,1.0,1.0,1.0,0.9999556794994662,0.9999888079544107
camera0_16_image000131.jpg,0.8286610282238905,16,16,1.0,1.0,1.0,0.984260462601572,0.951190715067711,0.9805200878157931
camera0_16_image000141.jpg,0.9133578822233176,16,16,1.0,1.0,1.0,0.9989136685012967,0.9531626664190708,0.9876786034650012
camera0_16_image000151.jpg,0.8833276586085574,16,16,1.0,1.0,1.0,1.0,0.9022438152663436,0.9753140947642281
camera0_16_image000161.jpg,0.8833078101071975,16,16,1.0,0.9836232240275488,0.8646666725686549,0.8753722869371275,0.8176103390858145,0.865791071012473
camera0_16_image000171.jpg,0.7823063550318717,16,16,1.0,1.0,1.0,0.8757552627037885,0.74996958157093,0.8803861248580176
camera0_16_image000181.jpg,0.9247455495736236,16,16,1.0,1.0,1.0,1.0,0.8948832444448042,0.9734553647587889
camera0_16_image000191.jpg,0.9267752169450406,16,16,1.0,1.0,1.0,1.0,0.9127664526775585,0.9779713264337269
camera0_16_image000201.jpg,0.9449443638122883,16,16,1.0,1.0,1.0,1.0,0.7979760984774957,0.9489838632518929
camera0_16_image000211.jpg,0.9498947869932902,16,16,1.0,1.0,1.0,1.0,0.9858956519106076,0.996438295937022
camera0_16_image000221.jpg,0.9488221668633364,16,16,1.0,1.0,1.0,0.992931235669135,0.8969687920889788,0.9707689435084399
camera0_16_image000231.jpg,0.9737208725357354,16,16,1.0,1.0,1.0,1.0,0.9728041875062208,0.993132370582379
camera0_16_image000241.jpg,0.9440518889199115,16,16,1.0,1.0,1.0,1.0,0.9845351032176312,0.9960947230347553
camera0_16_image000251.jpg,0.9765625,16,16,1.0,1.0,1.0,0.9987045680775687,0.8804862398534673,0.9692309248467402
camera0_16_image000261.jpg,0.9832454179704962,16,16,1.0,1.0,1.0,1.0,0.999717641722711,0.999928697404725
camera0_16_image000271.jpg,0.9421835970024979,16,16,1.0,1.0,1.0,1.0,0.9827409326891231,0.9956416496689705
camera0_16_image000281.jpg,0.9233812949640288,16,16,1.0,1.0,1.0,1.0,0.9838900158252436,0.9959318221780918
camera0_16_image000291.jpg,0.9444251073210349,16,16,1.0,1.0,1.0,1.0,0.9852216086367656,0.9962680829890822
camera0_16_image000301.jpg,0.9127301234068379,16,16,0.5696176626676178,0.49191758858792234,0.38582036603100744,0.32783758761616677,0.28230216350503506,0.3418592751518377
camera0_16_image000321.jpg,0.9239151213917033,16,16,1.0,1.0,1.0,1.0,0.9999999263607087,0.9999999814042194
camera0_16_image000331.jpg,0.943939393939394,16,16,1.0,1.0,1.0,1.0,0.9802708016334066,0.9950178792003552
camera0_16_image000341.jpg,0.9511971658929881,16,16,1.0,1.0,1.0,1.0,0.985403976238963,0.9963141354138796
camera0_16_image000351.jpg,0.9484329329436112,16,16,1.0,1.0,1.0,1.0,0.9971465825109217,0.9992794400280105
camera0_16_image000361.jpg,0.9814814814814815,16,16,1.0,1.0,1.0,1.0,0.9197881187627026,0.9797444744350259
camera0_16_image000371.jpg,0.9486629924474382,16,16,1.0,1.0,1.0,1.0,0.9997923925200416,0.9999475738686974
camera0_16_image000381.jpg,0.9552420582563687,16,16,1.0,1.0,1.0,1.0,0.9891568664557715,0.9972618349635787
camera0_16_image000391.jpg,0.9411621242607158,16,16,1.0,1.0,1.0,1.0,0.9517007023299145,0.9878032076590693
camera0_16_image000401.jpg,0.9672187478523813,16,16,1.0,1.0,1.0,1.0,0.9367883588577203,0.9840374643580102
camera0_16_image000411.jpg,0.901553522025963,16,16,1.0,1.0,1.0,1.0,0.9808733794045531,0.9951700453041801
camera0_16_image000421.jpg,0.889180082366155,16,16,1.0,1.0,1.0,1.0,0.9429445882886694,0.985592067749664
camera0_16_image000431.jpg,0.9733333333333334,16,16,1.0,1.0,1.0,1.0,0.9792375658041192,0.9947569610616463
camera0_16_image000441.jpg,0.9387132122730119,16,16,1.0,1.0,1.0,1.0,0.8423124343546601,0.9601799076653181
camera0_16_image000451.jpg,0.8977695167286245,16,16,1.0,1.0,1.0,1.0,0.9494866505051129,0.9872441036629074
camera0_16_image000461.jpg,0.9323654136419176,16,16,1.0,1.0,1.0,1.0,0.9718761452930326,0.9928980164881396
camera0_16_image000471.jpg,0.9442754781174287,16,16,1.0,1.0,1.0,1.0,0.9640582129412584,0.9909237911467824
camera0_16_image000481.jpg,0.9769790226603354,16,16,1.0,1.0,1.0,1.0,1.0000000856025792,1.000000021616813
camera0_16_image000491.jpg,nan,-1,16,nan,nan,nan,nan,nan,0.0
camera0_16_image000500.jpg,0.9395010705571877,16,16,1.0,1.0,1.0,1.0,0.8289933154317337,0.9568164937958924
camera0_17_image000001.jpg,0.9221409733876769,17,17,1.0,1.0,1.0,1.0,0.9072439444506448,0.9765767536491528
camera0_17_image000011.jpg,0.9181271521817341,17,17,1.0,1.0,1.0,1.0,0.9372913405028613,0.984164479924965
camera0_17_image000021.jpg,0.9764353293765059,17,17,1.0,1.0,1.0,1.0,0.9628599548496305,0.9906212007196036
camera0_17_image000031.jpg,0.9753965826159158,17,17,1.0,1.0,1.0,1.0,0.927943593437669,0.981803937736785
camera0_17_image000041.jpg,0.9580293977493494,17,17,1.0,1.0,1.0,1.0,0.9416542073430645,0.9852662139755213
camera0_17_image000051.jpg,0.9263668116045335,17,17,1.0,1.0,1.0,1.0,0.9768583481678101,0.9941561485272248
camera0_17_image000061.jpg,0.9422197154853669,17,17,1.0,1.0,1.0,1.0,0.9640432668683964,0.9909200168859587
camera0_17_image000071.jpg,0.9347326613787769,17,17,1.0,1.0,1.0,1.0,0.9805955799955914,0.9950998939382806
camera0_17_image000081.jpg,0.9714854937118665,9,17,0.0,0.0,0.0,0.03723232621039205,0.04554415954715611,0.028424835031783283
camera0_17_image000091.jpg,0.8766663658662641,17,17,1.0,1.0,1.0,1.0,0.850615070829438,0.9622765330377369
camera0_17_image000101.jpg,0.955771492471128,17,17,1.0,1.0,1.0,1.0,0.8266763893090912,0.9562314114416897
camera0_17_image000111.jpg,0.9620366588043063,17,17,1.0,1.0,1.0,1.0,0.8106230067499522,0.9521775269570586
camera0_17_image000121.jpg,0.9391304347826087,17,17,1.0,1.0,1.0,1.0,0.7831226804391269,0.9452330001108906
camera0_17_image000131.jpg,0.9795881593304836,17,17,1.0,1.0,1.0,1.0,0.79150032194389,0.9473485661474469
camera0_17_image000141.jpg,0.9320283409441362,17,17,1.0,0.9368296161058045,0.6438513465920352,0.2711014649529454,0.2451317159699617,0.39424492316089393
camera0_17_image000151.jpg,0.9800289768415242,17,17,1.0,1.0,1.0,1.0,0.7880610642412438,0.9464800667275868
camera0_17_image000161.jpg,0.9342864927280512,17,17,1.0,1.0,1.0,1.0,0.7615211719606662,0.9397780737274409
camera0_17_image000171.jpg,0.9498229926704007,17,17,1.0,1.0,1.0,0.986771852236701,0.691758822126606,0.9161485242809767
camera0_17_image000181.jpg,0.9348653249223992,17,17,1.0,0.9146649664047196,0.8494723614278984,0.8033893060984251,0.5436360635720536,0.7572983923704991
camera0_17_image000191.jpg,0.9546591619762351,9,17,0.0,0.0,0.0,0.008833893006683132,0.022204809419552662,0.00962268101807634
camera0_17_image000201.jpg,0.9427736006683375,17,17,1.0,1.0,1.0,0.9884162116969847,0.729377929391179,0.9263957349610483
camera0_17_image000211.jpg,0.9213132747371447,17,17,1.0,1.0,1.0,0.9842619083662885,0.7896471934117261,0.9397269263815772
camera0_17_image000221.jpg,0.9144240353125445,17,17,1.0,1.0,1.0,0.9515336669756833,0.6975831465250705,0.9016019563336617
camera0_17_image000231.jpg,0.9579288025889967,17,17,1.0,1.0,1.0,1.0,0.7494665338647686,0.9367339731981739
camera0_17_image000241.jpg,0.9382980623269935,17,17,1.0,1.0,1.0,0.9898693176603276,0.6959003864841354,0.9186023126951326
camera0_17_image000251.jpg,0.9014868568669497,9,17,1.0,0.7457302133908474,0.4682764722460807,0.15921987445375127,0.1461702369794787,0.2698096652596102
camera0_17_image000261.jpg,0.9726680172219748,17,17,1.0,1.0,1.0,0.9899617492422317,0.7606141184929679,0.9349861785679255
camera0_17_image000271.jpg,0.9582995158265931,17,17,1.0,1.0,1.0,1.0,0.778609678058529,0.944093353045083
camera0_17_image000281.jpg,0.929367420517863,17,17,1.0,1.0,1.0,1.0,0.6990034939085541,0.923990781290039
camera0_17_image000291.jpg,0.9554327603920806,17,17,1.0,1.0,1.0,0.8692741002786715,0.5386840005888472,0.8240851972450646
camera0_17_image000301.jpg,0.9193718196174767,9,17,0.0,0.0,0.0,0.007343332008845385,0.022591439551395295,0.009042787163463885
camera0_17_image000321.jpg,0.9297289029251131,17,17,1.0,1.0,1.0,0.9681839441638964,0.7504861363765696,0.9225296050180766
camera0_17_image000331.jpg,0.9511564530780519,17,17,1.0,1.0,0.9905710756507004,0.9581137696511778,0.6487342622113366,0.890114397896234
camera0_17_image000341.jpg,0.8626793512164691,17,17,1.0,1.0,1.0,1.0,0.7137408298796046,0.9277123307776779
camera0_17_image000351.jpg,0.9082953387778279,17,17,1.0,1.0,1.0,0.9373894987102233,0.6727244830136809,0.8888953486596168
camera0_17_image000361.jpg,0.9548864107008637,9,17,0.0929866596666015,0.06269162102843692,0.05470756609003485,0.07005762819352446,0.11554698179614616,0.07818458247069907
camera0_17_image000371.jpg,0.9521234078334078,17,17,1.0,1.0,1.0,1.0,0.810567496439702,0.9521635092019449
camera0_17_image000381.jpg,0.94844164719719,17,17,1.0,1.0,1.0,1.0,0.7812822319165267,0.9447682403829614
camera0_17_image000391.jpg,0.9501997775672447,17,17,1.0,1.0,1.0,0.9854638849443823,0.6653562877654686,0.9088866870367063
camera0_17_image000401.jpg,0.9433314709873094,17,17,1.0,1.0,1.0,0.9874042564512379,0.6332919979555246,0.901671631203978
camera0_17_image000411.jpg,0.9507884455123001,9,17,0.0,0.01797502545490624,0.018475892199879954,0.008729039372149066,0.015358874804559048,0.012862361928333952
camera0_17_image000421.jpg,0.9181777974347634,17,17,1.0,1.0,1.0,0.9371105509231323,0.6513923820270647,0.8833816600223997
camera0_17_image000431.jpg,0.9464896591244552,17,17,1.0,1.0,1.0,0.958019013707361,0.7223967622771672,0.9108159057955598
camera0_17_image000441.jpg,0.9398065008530124,17,17,1.0,1.0,1.0,0.9451739068843286,0.6728756341332386,0.8924718854861188
camera0_17_image000451.jpg,0.9326833797585887,17,17,1.0,1.0,1.0,1.0,0.6833503547725308,0.9200379683769018
camera0_17_image000461.jpg,0.8667739476581688,17,17,1.0,1.0,1.0,1.0,0.829009546159841,0.9568205924646063
camera0_17_image000471.jpg,0.7690446245204018,17,17,1.0,1.0,1.0,1.0,0.7945286602110113,0.9481132980330836
camera0_17_image000481.jpg,0.8238095238095238,17,17,1.0,1.0,1.0,1.0,0.8121091034606092,0.9525528039041943
camera0_17_image000491.jpg,0.7222222222222222,17,17,1.0,1.0,1.0,0.9964111247432172,0.733739803171929,0.9311312696236667
camera0_17_image000500.jpg,0.8342616920651603,17,17,1.0,1.0,1.0,0.9976648547144371,0.6600745328606291,0.91309880589561
camera0_18_image000001.jpg,0.9343427682080773,18,18,1.0,1.0,1.0,0.99969283388992,0.8102618228787918,0.9519466979496585
camera0_18_image000011.jpg,0.8956039115496433,18,18,1.0,1.0,1.0,0.9934274969988267,0.7986187580717727,0.9461586496640557
camera0_18_image000021.jpg,0.9448430198117554,18,18,1.0,1.0,1.0,1.0,0.8252457241571185,0.9558701323629087
camera0_18_image000031.jpg,0.9406597774244833,18,18,1.0,1.0,1.0,1.0,0.8253198647322031,0.9558888547303543
camera0_18_image000041.jpg,0.9100207767300623,18,18,1.0,1.0,1.0,0.9974967711165103,0.7910776072612146,0.9461039887047811
camera0_18_image000051.jpg,0.8392265193370165,18,18,1.0,1.0,1.0,1.0,0.8205276996455844,0.9546787120317132
camera0_18_image000061.jpg,0.9225516104555326,18,18,1.0,1.0,1.0,1.0,0.8255913779123016,0.9559574186647226
camera0_18_image000071.jpg,0.9047612739123523,18,18,1.0,1.0,1.0,1.0,0.8014821461752369,0.9498692288321305
camera0_18_image000081.jpg,0.9085705283058503,18,18,1.0,1.0,1.0,1.0,0.8266206247056976,0.9562173294711357
camera0_18_image000091.jpg,0.913937668090492,18,18,1.0,1.0,1.0,1.0,0.8096155465381986,0.9519231178126765
camera0_18_image000101.jpg,0.9174551046472229,18,18,1.0,1.0,1.0,1.0,0.8243729159845826,0.955649726258733
camera0_18_image000111.jpg,0.9501851501473092,18,18,1.0,1.0,1.0,1.0,0.8251764791488378,0.9558526462497066
camera0_18_image000121.jpg,0.8959325995659042,18,18,1.0,1.0,1.0,0.9972968725893366,0.7945896472864562,0.946900004532137
camera0_18_image000131.jpg,0.9224442466898579,18,18,1.0,1.0,1.0,1.0,0.8091314620995279,0.9518008742675576
camera0_18_image000141.jpg,0.8435435040147427,18,18,1.0,1.0,1.0,0.953626646856843,0.7608541980158352,0.9185308490803415
camera0_18_image000151.jpg,0.9398539559188048,18,18,1.0,1.0,1.0,0.9992836670183954,0.80332985445635,0.9500102159316823
camera0_18_image000161.jpg,0.8891661547911548,18,18,1.0,1.0,1.0,1.0,0.8137699002602411,0.9529721970354145
camera0_18_image000171.jpg,0.9248926748012621,18,18,1.0,1.0,1.0,1.0,0.8167840197144044,0.9537333383117184
camera0_18_image000181.jpg,0.9612764333987356,18,18,1.0,1.0,1.0,1.0,0.8126893152195772,0.9526993220251457
camera0_18_image000191.jpg,0.8907851605182372,18,18,1.0,1.0,1.0,1.0,0.817182201070289,0.9538338891591639
camera0_18_image000201.jpg,0.9322637199171226,18,18,1.0,1.0,1.0,0.9861375690354399,0.7911933631061027,0.9409699463055289
camera0_18_image000211.jpg,0.9110696012344677,18,18,1.0,1.0,1.0,0.9684846773410378,0.7711026280754949,0.9278724866892331
camera0_18_image000221.jpg,0.9141039236479321,18,18,1.0,1.0,1.0,1.0,0.8155726227845366,0.9534274299960951
camera0_18_image000231.jpg,0.9150099212699225,18,18,1.0,1.0,1.0,0.9807008840572364,0.7943447416448837,0.9392945285221993
camera0_18_image000241.jpg,0.9399622505120276,18,18,1.0,1.0,1.0,1.0,0.8070030517695945,0.9512633969115138
camera0_18_image000251.jpg,0.9077009736863282,18,18,1.0,1.0,1.0,1.0,0.8084043614088648,0.9516172629820366
camera0_18_image000261.jpg,0.9568056919850266,18,18,1.0,1.0,1.0,1.0,0.8170890727613267,0.953810371909426
camera0_18_image000271.jpg,0.9095094250023085,18,18,1.0,1.0,1.0,0.9824050268691296,0.7838412890069079,0.9374167518614498
camera0_18_image000281.jpg,0.9239460279614176,18,18,1.0,1.0,1.0,1.0,0.8181553677680574,0.954079638325267
camera0_18_image000291.jpg,0.9180760197856122,18,18,1.0,1.0,1.0,0.9993940354698558,0.8140311235437045,0.9527627240882437
camera0_18_image000301.jpg,0.9261949265687583,18,18,1.0,1.0,1.0,1.0,0.8067572403110894,0.9512013233108811
camera0_18_image000321.jpg,0.9390815370196813,18,18,1.0,1.0,1.0,0.9978078941841967,0.8186714528939621,0.9532135511175547
camera0_18_image000331.jpg,0.9412413945338907,18,18,1.0,1.0,1.0,1.0,0.8065188181644568,0.9511411156980951
camera0_18_image000341.jpg,0.8904804857362107,18,18,1.0,1.0,1.0,1.0,0.8091119846707636,0.9517959557249404
camera0_18_image000351.jpg,0.9280399762571954,18,18,1.0,1.0,1.0,0.9845516403959578,0.8009529155533601,0.9427136030974961
camera0_18_image000361.jpg,0.905361125643638,18,18,1.0,1.0,1.0,1.0,0.8043252102468772,0.950587174304767
camera0_18_image000371.jpg,0.881326352530541,18,18,1.0,1.0,1.0,0.9810275757818017,0.7806956711613914,0.9359962897900592
camera0_18_image000381.jpg,0.9240044639211736,18,18,1.0,1.0,1.0,1.0,0.8198185364930557,0.9544996304275394
camera0_18_image000391.jpg,0.9143240373330352,18,18,1.0,1.0,1.0,0.9863716942317887,0.7982678456815406,0.9428628523481718
camera0_18_image000401.jpg,0.9140449040300305,18,18,1.0,1.0,1.0,0.9921020546923989,0.7948279116392608,0.9445988914357523
camera0_18_image000411.jpg,0.9059455070371707,18,18,1.0,1.0,1.0,0.990054210010222,0.7908220282179901,0.9426564662213105
camera0_18_image000421.jpg,0.9599601235516187,18,18,1.0,1.0,1.0,0.997425128250879,0.8092580729219951,0.950662450447873
camera0_18_image000431.jpg,0.9083012780742028,18,18,1.0,1.0,1.0,0.9971056587844093,0.7974402609935776,0.9475329411125036
camera0_18_image000441.jpg,0.9421211825543956,18,18,1.0,1.0,1.0,0.9821803543429748,0.7611096049617091,0.9315743037320868
camera0_18_image000451.jpg,0.8770554851048791,18,18,1.0,1.0,1.0,0.9944442958077209,0.7819612968603455,0.9424144013419807
camera0_18_image000461.jpg,0.8341513340001395,18,18,1.0,1.0,1.0,0.9593869542064278,0.729448388003917,0.9132184104988604
camera0_18_image000471.jpg,0.6992516837116488,18,18,1.0,1.0,1.0,0.9621058714394041,0.6782781554477735,0.9015325060703789
camera0_18_image000481.jpg,0.9141135107985937,18,18,1.0,1.0,1.0,0.9497583508970907,0.6769155136867397,0.8955758952781573
camera0_18_image000491.jpg,0.9602638352638353,18,18,1.0,1.0,1.0,0.9487402719611684,0.665707338473696,0.8922827848494442
camera0_18_image000500.jpg,0.9319594954698881,18,18,1.0,1.0,1.0,0.9261752145783558,0.6131971391754272,0.8687657892465828
camera0_19_image000001.jpg,0.9803921568627451,19,19,1.0,1.0,1.0,0.9949555255422333,0.8185512237770137,0.9518866590285439
camera0_19_image000011.jpg,0.921377377808913,19,19,1.0,1.0,1.0,0.9550643526650644,0.7830496550450435,0.9247892651116565
camera0_19_image000021.jpg,0.9480909480909481,19,19,1.0,1.0,1.0,0.9356803073022846,0.775417351953162,0.9140509861356753
camera0_19_image000031.jpg,0.9236385762093094,19,19,1.0,1.0,1.0,0.9566288381083037,0.7808854189811729,0.9249538706000302
camera0_19_image000041.jpg,0.9640062597809077,19,19,1.0,1.0,1.0,0.9536015923704452,0.7824563322287923,0.9239745450746448
camera0_19_image000051.jpg,0.9522850815381518,19,19,1.0,1.0,1.0,0.9374515820463806,0.7401676473347971,0.9059546704591622
camera0_19_image000061.jpg,0.9340988985235529,19,19,1.0,1.0,1.0,0.9452678847988699,0.7455280392590555,0.910861169670965
camera0_19_image000071.jpg,0.9419424850786761,19,19,1.0,1.0,1.0,0.9827433478751658,0.8009705297428512,0.9418960999793308
camera0_19_image000081.jpg,0.9064278540341479,19,19,1.0,1.0,1.0,0.958126440826106,0.7527504417400531,0.9185298068755161
camera0_19_image000091.jpg,0.9277009151233898,19,19,1.0,1.0,1.0,0.9524486471326282,0.7464062839676451,0.9143469315167616
camera0_19_image000101.jpg,0.8995053685607431,19,19,1.0,1.0,1.0,0.981858591285063,0.7628779189650117,0.9318745917369003
camera0_19_image000111.jpg,0.9696296296296296,19,19,1.0,1.0,1.0,0.9848256981648842,0.7809608022354898,0.9377896613465356
camera0_19_image000121.jpg,0.9116364729760205,19,19,1.0,1.0,1.0,0.9902469243733524,0.8060333109816231,0.9465852966802165
camera0_19_image000131.jpg,0.9486016628873771,19,19,1.0,1.0,1.0,0.9768840863319422,0.8010437693329454,0.939251294123849
camera0_19_image000141.jpg,0.9718334746960701,19,19,1.0,1.0,1.0,0.9835927858464469,0.8504573659289111,0.9547788839526554
camera0_19_image000151.jpg,0.9473429951690822,19,19,1.0,1.0,1.0,0.9994687821749887,0.8514804347848813,0.9622535966413791
camera0_19_image000161.jpg,0.9642681527618423,19,19,1.0,1.0,1.0,1.0,0.8291946514753257,0.9568673362311428
camera0_19_image000171.jpg,0.9366130558183539,19,19,1.0,1.0,1.0,1.0,0.8189994902697818,0.9542928005731772
camera0_19_image000181.jpg,0.9475352112676056,19,19,1.0,1.0,1.0,1.0,0.9060132037188455,0.976265960535062
camera0_19_image000201.jpg,0.9628471078915597,19,19,1.0,1.0,1.0,1.0,0.8980256792137269,0.9742489088923553
camera0_19_image000211.jpg,0.9374208259437548,19,19,1.0,1.0,1.0,1.0,0.899182836622887,0.974541120359315
camera0_19_image000221.jpg,0.9593688362919132,19,19,1.0,1.0,1.0,1.0,0.9303462858848148,0.9824106782537411
camera0_19_image000231.jpg,0.9507882548880929,19,19,1.0,1.0,1.0,1.0,0.9614251079579469,0.9902588656459461
camera0_19_image000241.jpg,0.9414473684210526,19,19,1.0,1.0,1.0,1.0,0.9775107664655237,0.9943209006226069
camera0_19_image000251.jpg,0.9126987404501342,19,19,1.0,1.0,1.0,1.0,0.948747724302705,0.9870575061370467
camera0_19_image000261.jpg,0.9417964723956206,19,19,1.0,1.0,1.0,1.0,0.952631770615606,0.9880383259130319
camera0_19_image000271.jpg,0.9388859338603474,19,19,1.0,1.0,1.0,1.0,0.9627617894004953,0.9905964114647715
camera0_19_image000281.jpg,0.9200332042058661,19,19,1.0,1.0,1.0,1.0,0.9606365200586419,0.9900597272875359
camera0_19_image000291.jpg,0.906801978290192,19,19,1.0,1.0,1.0,1.0,0.9773455907766633,0.9942791895900664
camera0_19_image000301.jpg,0.9521933806219323,19,19,1.0,1.0,1.0,1.0,0.9876199249900982,0.996873718431843
camera0_19_image000321.jpg,0.9284097948244694,19,19,1.0,1.0,1.0,1.0,0.9916469388345256,0.9978906411198296
camera0_19_image000331.jpg,0.8774962337029779,19,19,1.0,1.0,1.0,1.0,0.9965600310496961,0.9991313209721455
camera0_19_image000341.jpg,0.9142302716688228,11,19,1.0,0.5525491491804011,0.4108799205123187,0.3507452462991463,0.3038702649558292,0.37486426353733626
camera0_19_image000351.jpg,0.8981226533166458,19,19,0.7159013931589958,0.5318706907791074,0.43540057189005826,0.2665086120919471,0.3351043373050197,0.3433558559506404
camera0_19_image000361.jpg,0.9276891982932854,19,19,1.0,1.0,1.0,1.0,0.9961676484013068,0.9990322344447744
camera0_19_image000371.jpg,0.8835616438356164,11,19,1.0,0.9891452459771607,0.7510225834912498,0.4335477167586968,0.3076690234041636,0.5106114603504626
camera0_19_image000381.jpg,0.8788826349801959,11,19,1.0,1.0,1.0,0.5807399421221302,0.3929513874659801,0.6561321422438925
camera0_19_image000391.jpg,0.8257597236899761,11,19,1.0,1.0,1.0,0.9298128654584135,0.612044363206285,0.8701281618766236
camera0_19_image000411.jpg,0.9019192230615076,11,19,1.0,1.0,1.0,0.980159016787513,0.6562224778069052,0.9041688656627346
camera0_19_image000421.jpg,0.8590102707749766,11,19,1.0,1.0,1.0,0.9942518315365317,0.7408217610665074,0.9319381459172386
camera0_19_image000431.jpg,0.7693769413484378,11,19,1.0,1.0,1.0,0.9783912726117688,0.7020221840646694,0.9149309279711751
camera0_19_image000441.jpg,0.8013398294762485,11,19,1.0,1.0,1.0,0.9829995773088732,0.7284646567708051,0.9237030040219133
camera0_19_image000451.jpg,0.7847709893515784,11,19,1.0,1.0,1.0,0.9237339455665734,0.631697072349998,0.8723278218105631
camera0_19_image000461.jpg,0.7910604500361946,11,19,1.0,1.0,1.0,0.9279948123169198,0.6303424448632197,0.8739225017761807
camera0_19_image000471.jpg,0.6732198467740395,11,19,1.0,1.0,0.9943999358148746,0.8581978788428153,0.5735511027678383,0.8265826330601751
camera0_19_image000481.jpg,nan,-1,19,nan,nan,nan,nan,nan,0.0
camera0_19_image000491.jpg,nan,-1,19,nan,nan,nan,nan,nan,0.0
camera0_19_image000500.jpg,nan,-1,19,nan,nan,nan,nan,nan,0.0
camera0_1_image000000.jpg,0.8588007736943907,1,1,1.0,0.8505328432159213,0.844779939285353,0.7423005363193838,0.5510229660307108,0.727414593065981
camera0_1_image000010.jpg,0.890035472428249,1,1,1.0,1.0,1.0,0.8860315780072963,0.5512324931302635,0.8348710438240902
camera0_1_image000020.jpg,0.94200193112327,1,1,1.0,1.0,1.0,1.0,0.7059903921513968,0.9257551495331809
camera0_1_image000030.jpg,0.9572707476409388,1,1,1.0,1.0,1.0,1.0,0.7429632371696292,0.9350917265579872
camera0_1_image000040.jpg,0.937409760323419,1,1,1.0,1.0,1.0,0.8910420856861541,0.7066964096738775,0.8764071120982209
camera0_1_image000050.jpg,0.9108590503440289,1,1,0.0,0.01730582803598667,0.2329221620842313,0.5402078264007337,0.45972905921723045,0.4153656923385952
camera0_1_image000060.jpg,0.9448292477263145,1,1,1.0,1.0,1.0,1.0,0.8213615056202602,0.9548892690960253
camera0_1_image000070.jpg,0.8871989860583016,1,1,1.0,1.0,1.0,0.9949541648501237,0.6377780393445655,0.9062362464835324
camera0_1_image000080.jpg,0.9573400250941029,1,1,1.0,1.0,1.0,0.9992486567167791,0.6970677909351658,0.9231604477336789
camera0_1_image000090.jpg,0.9832386497018639,1,1,1.0,1.0,1.0,1.0,0.7369130547716976,0.9335639027201257
camera0_1_image000100.jpg,0.8899740881004584,1,1,1.0,1.0,1.0,0.9996137009865873,0.7882010701377984,0.9463398312913273
camera0_1_image000110.jpg,0.8977266620089214,1,1,1.0,1.0,1.0,0.9991899960082689,0.6749431769180442,0.9175467600335678
camera0_1_image000120.jpg,0.9307479224376731,1,1,1.0,1.0,1.0,0.9303586803870187,0.5381365673698318,0.8517126747642589
camera0_1_image000130.jpg,0.8964028776978418,1,1,1.0,1.0,1.0,1.0,0.780340334018524,0.9445303873784151
camera0_1_image000140.jpg,0.9461348217729676,1,1,1.0,1.0,1.0,0.984339555120082,0.6786042879540102,0.9117210826187268
camera0_1_image000150.jpg,0.920001969182297,1,1,1.0,1.0,1.0,1.0,0.8826298757238923,0.9703610797282556
camera0_1_image000160.jpg,0.9475811774023232,1,1,1.0,1.0,1.0,1.0,0.8366550502899036,0.9587512753257332
camera0_1_image000170.jpg,0.9467713957159841,1,1,1.0,1.0,1.0,1.0,0.9388129571326497,0.9845487265486489
camera0_1_image000180.jpg,0.9453656603025699,1,1,1.0,1.0,1.0,1.0,0.883161600241905,0.9704953535964407
camera0_1_image000190.jpg,0.9043717555819626,1,1,1.0,1.0,1.0,1.0,0.8234726018354281,0.9554223742008657
camera0_1_image000200.jpg,0.9022187879456893,1,1,1.0,1.0,1.0,1.0,0.8825925703948349,0.9703516591906148
camera0_1_image000210.jpg,0.9477124183006536,1,1,1.0,1.0,1.0,1.0,0.8766588027828006,0.9688532330259597
camera0_1_image000220.jpg,0.9077625570776255,1,1,1.0,1.0,1.0,0.9865698422350113,0.8054374371626877,0.9447634225216435
camera0_1_image000230.jpg,0.9496991350131628,1,1,1.0,1.0,1.0,0.9426377899545154,0.6593894311230586,0.8879134982427238
camera0_1_image000240.jpg,0.8031058332245856,1,1,1.0,1.0,1.0,1.0,0.8644597148775026,0.9657726552720967
camera0_1_image000250.jpg,0.941686224950352,1,1,1.0,1.0,1.0,1.0,0.8986575955410661,0.9744084837224914
camera0_1_image000260.jpg,0.961000838691641,1,1,1.0,1.0,1.0,0.9997884224495436,0.899140996721288,0.9744343831137542
camera0_1_image000270.jpg,0.9264602037728236,1,1,1.0,1.0,1.0,1.0,0.8772939601078623,0.9690136262898642
camera0_1_image000280.jpg,0.9637810622056197,1,1,1.0,1.0,1.0,1.0,0.9403033155915383,0.9849250796948329
camera0_1_image000290.jpg,0.9712230215827338,1,1,1.0,1.0,1.0,1.0,0.8785082459970646,0.9693202641406728
camera0_1_image000300.jpg,0.8836938822982089,1,1,1.0,1.0,1.0,0.9876008337370418,0.7803324034816893,0.9388924000526173
camera0_1_image000310.jpg,0.9257087854392719,1,1,1.0,1.0,1.0,1.0,0.8985856799211652,0.9743903232124155
camera0_1_image000320.jpg,0.9105376344086021,1,1,1.0,1.0,1.0,1.0,0.8522874243452566,0.9626988445316305
camera0_1_image000330.jpg,0.9554485249849488,1,1,1.0,1.0,1.0,1.0,0.8622832943860086,0.965223054137881
camera0_1_image000340.jpg,0.8747634922065051,1,1,1.0,1.0,1.0,0.9614574565106746,0.6531343565330672,0.8948883278414852
camera0_1_image000350.jpg,0.9357646218296366,1,1,1.0,1.0,1.0,1.0,0.8535499221087887,0.9630176570981789
camera0_1_image000360.jpg,0.8907591314593503,1,1,1.0,1.0,1.0,1.0,0.8909301556411129,0.972457110010382
camera0_1_image000370.jpg,0.9538461538461539,1,1,1.0,1.0,1.0,1.0,0.907267348834305,0.9765826638470467
camera0_1_image000380.jpg,0.9433491804913727,1,1,1.0,1.0,1.0,1.0,0.8796244216005819,0.9696021266668136
camera0_1_image000390.jpg,0.9298327137546468,1,1,1.0,1.0,1.0,1.0,0.9481457175513461,0.9869054842301379
camera0_1_image000400.jpg,0.9049057323625728,1,1,1.0,1.0,1.0,1.0,0.8978755468200581,0.9742109966717318
camera0_1_image000410.jpg,0.938270237336952,1,1,1.0,1.0,1.0,1.0,0.8769541208289096,0.9689278082901287
camera0_1_image000420.jpg,0.9285964707257216,1,1,1.0,1.0,1.0,1.0,0.881573752764509,0.9700943820112397
camera0_1_image000430.jpg,0.912751677852349,1,1,1.0,1.0,1.0,0.9979624440202893,0.8181875177059298,0.9531615951874876
camera0_1_image000440.jpg,0.9445744225129338,1,1,1.0,1.0,1.0,0.9942838366815533,0.778979263717027,0.9415884267029856
camera0_1_image000450.jpg,0.9822180072313437,1,1,1.0,1.0,1.0,0.9422626371919964,0.5989344983090835,0.8724765770845144
camera0_1_image000460.jpg,0.9467234042553192,1,1,1.0,1.0,1.0,0.8567087920913595,0.5522702402091016,0.8218045621145325
camera0_1_image000470.jpg,0.8469945355191257,17,1,0.0,0.0,0.10172291479354897,0.28444628095181357,0.3084263071443144,0.2302980394373164
camera0_1_image000480.jpg,0.8693693693693694,1,1,0.2647165618940294,0.22044212570058913,0.2527449022933654,0.3381338921556488,0.33888522437837787,0.31208422977277855
camera0_1_image000490.jpg,0.8565400843881856,1,1,0.35917540844028223,0.21706553908257137,0.2798733685230069,0.44981683065736655,0.3272506738062986,0.36783152282079545
camera0_1_image000500.jpg,0.9093184022021333,1,1,1.0,1.0,1.0,0.6805653301496393,0.5115491175805968,0.7314562403661483
camera0_20_image000001.jpg,0.5011373792179467,12,0,1.0,1.0,0.9675107605812382,0.6009359279065491,0.45902947079955564,0.6746146024127421
camera0_20_image000011.jpg,0.873751849112426,0,0,0.4625747839002443,0.6787991585928901,0.7020089518198148,0.6403339464423777,0.5624892805627925,0.6328505737514257
camera0_20_image000021.jpg,0.9160724046719988,0,0,1.0,1.0,1.0,1.0,0.9028065668235148,0.9754562037433118
camera0_20_image000031.jpg,0.9102672379727416,0,0,1.0,1.0,1.0,0.9999569138072286,0.9173027663637994,0.9790972755598008
camera0_20_image000041.jpg,0.7683660111915072,0,0,1.0,1.0,1.0,1.0,0.9981736863146169,0.9995388096754083
camera0_20_image000051.jpg,0.8923699416869785,0,0,1.0,1.0,1.0,1.0,0.9863335496493032,0.9965488761740664
camera0_20_image000061.jpg,0.9012357635391648,0,0,0.9859921510085183,0.9636144050513822,0.9529115076759529,0.7854656096635091,0.5580574217646027,0.7782438992568705
camera0_20_image000071.jpg,nan,-1,0,nan,nan,nan,nan,nan,0.0
camera0_20_image000081.jpg,0.9442953336158592,17,0,1.0,1.0,1.0,1.0,0.8645469678508716,0.9657946888512302
camera0_20_image000091.jpg,0.9089090629327589,17,0,1.0,1.0,1.0,1.0,0.8354445817365856,0.9584456014486328
camera0_20_image000101.jpg,0.9299608476788267,17,0,1.0,1.0,1.0,1.0,0.9510386862305156,0.9876360318763928
camera0_20_image000111.jpg,0.9922480620155039,12,0,1.0,1.0,0.9984252205492213,0.39353427938564245,0.26203768646864656,0.5376217393578541
camera0_20_image000121.jpg,0.9377955237995167,0,0,1.0,1.0,1.0,1.0,0.9513394190986182,0.987711974519853
camera0_20_image000131.jpg,0.9445978444820522,0,0,1.0,1.0,1.0,1.0,0.901498531521302,0.9751258917983086
camera0_20_image000141.jpg,0.8956403074050133,0,0,1.0,1.0,1.0,1.0,0.9429959186271385,0.9856050299563481
camera0_20_image000151.jpg,0.9849647656272289,0,0,1.0,1.0,1.0,1.0,0.9929113739101155,0.9982099429065948
camera0_20_image000161.jpg,0.976428486927718,0,0,1.0,1.0,1.0,1.0,0.9795570489199272,0.9948376386161433
camera0_20_image000171.jpg,0.8850867052023121,0,0,1.0,1.0,1.0,1.0,0.9797570110023394,0.9948881340914998
camera0_20_image000181.jpg,0.8854422302935113,12,0,0.4972326270690264,0.71018678648649,0.6935665923249466,0.4046667248356292,0.2174829574763652,0.4388144512641515
camera0_20_image000191.jpg,0.9427294017457952,0,0,1.0,1.0,1.0,1.0,0.9950293069886562,0.998744774492085
camera0_20_image000201.jpg,0.932023789579494,0,0,1.0,1.0,1.0,1.0,0.9482668661460066,0.9869360773095976
camera0_20_image000211.jpg,0.9337844369260513,0,0,1.0,1.0,1.0,1.0,0.8931929141788001,0.9730285136815152
camera0_20_image000221.jpg,0.9127450980392157,0,0,1.0,1.0,1.0,0.9882124435299795,0.7834682365965663,0.939962281553164
camera0_20_image000231.jpg,0.9367655288192501,0,0,1.0,1.0,1.0,0.9492976514643089,0.6546384611449131,0.8897409681264316
camera0_20_image000241.jpg,0.8714285714285714,0,0,1.0,1.0,1.0,0.9045006544047747,0.5904526919189398,0.8531701691534177
camera0_20_image000251.jpg,0.8171919770773639,0,0,1.0,1.0,1.0,0.9995374222893729,0.8079966677877906,0.9513040474516823
camera0_20_image000261.jpg,0.9481170314687891,0,0,1.0,1.0,1.0,1.0,0.9787528016104774,0.9946345458612317
camera0_20_image000271.jpg,0.8909064912782385,0,0,1.0,1.0,1.0,1.0,0.961105758518543,0.9901782218481169
camera0_20_image000281.jpg,0.9591268992082174,0,0,nan,nan,nan,nan,nan,0.0
camera0_20_image000291.jpg,0.9500640204865557,0,0,1.0,1.0,1.0,0.8692326471375584,0.6412206971447126,0.8499594600990702
camera0_20_image000301.jpg,0.9203049203049203,0,0,0.7095445966172176,0.4826831528780991,0.3699985131436735,0.15654195832561782,0.11644113800444196,0.22092471213820591
camera0_20_image000321.jpg,0.9136786188579017,0,0,1.0,1.0,1.0,1.0,0.874689588377448,0.9683559566609717
camera0_20_image000331.jpg,0.9462179042331714,0,0,1.0,1.0,1.0,1.0,0.7816407968943215,0.9448587870945256
camera0_20_image000341.jpg,0.8073830409356725,5,0,1.0,1.0,0.9860767450822431,0.7974492996855627,0.45035971357131865,0.7659690716109471
camera0_20_image000351.jpg,0.7398373983739838,0,0,1.0,1.0,0.9975124350792071,0.648701842369932,0.32509341652986,0.669322708173491
camera0_20_image000361.jpg,0.8710987996306556,0,0,1.0,1.0,1.0,1.0,0.7538432406134495,0.9378392021751135
camera0_20_image000381.jpg,0.8923512747875354,0,0,1.0,1.0,1.0,1.0,0.9291385498883087,0.9821056944162395
camera0_20_image000391.jpg,0.9062557328930472,0,0,1.0,1.0,1.0,1.0,0.8291828407525879,0.956864353725401
camera0_20_image000401.jpg,0.8241430700447094,0,0,0.0,0.2835072377492566,0.40261317775731464,0.5326860189993252,0.404291818879969,0.44861358986242517
camera0_20_image000411.jpg,0.8962376237623763,0,0,1.0,1.0,1.0,1.0,0.7902772671117811,0.9470397139171165
camera0_20_image000421.jpg,0.9511978704525288,0,0,1.0,1.0,1.0,1.0,0.895446871701021,0.9735976948739952
camera0_20_image000431.jpg,0.9122510968612892,0,0,1.0,1.0,1.0,0.9970442288309044,0.7747354258231661,0.9417714741714126
camera0_20_image000441.jpg,0.8387654320987654,0,0,1.0,1.0,1.0,0.9237668380659964,0.6307310438640171,0.8720988263592956
camera0_20_image000451.jpg,0.9080068143100511,5,0,0.0,0.0,0.0,0.05095405087806264,0.08719992863335128,0.04518111621562223
camera0_20_image000461.jpg,0.8464364437913299,8,0,nan,nan,nan,nan,nan,0.0
camera0_20_image000471.jpg,0.963110667996012,0,0,1.0,1.0,1.0,0.9170358026578299,0.5876381417919079,0.8581572188323237
camera0_20_image000481.jpg,0.9028200446338,0,0,1.0,1.0,1.0,0.9804589707735349,0.7345840024916755,0.9240934721929391
camera0_20_image000491.jpg,0.8754695717505635,0,0,1.0,1.0,1.0,1.0,0.8057939705738292,0.9509580733772296
camera0_20_image000500.jpg,nan,-1,0,nan,nan,nan,nan,nan,0.0
camera0_2_image000000.jpg,0.7644749754661433,2,2,0.0,0.138922522029701,0.3111944576956786,0.2707370704538655,0.13682272269857915,0.2346541705573217
camera0_2_image000010.jpg,0.7410114001753874,2,2,0.04389474531129388,0.2154784892571612,0.33365928727789607,0.27640682602631167,0.14082968905349244,0.24771541468236175
camera0_2_image000020.jpg,0.7847557702630167,2,2,1.0,1.0,0.9418182428561126,0.3364342013180785,0.16870030581530993,0.4752318905955436
camera0_2_image000030.jpg,0.8928818244644091,2,2,0.0,0.12995296473074963,0.28438360315124234,0.2658040877075287,0.13867347616170766,0.22637818447548294
camera0_2_image000040.jpg,0.732460923300618,2,2,0.06696988017161834,0.439498835512668,0.3914466552602191,0.21020741753672917,0.10550121496242473,0.2324858426941273
camera0_2_image000050.jpg,0.8319088319088319,2,2,0.6847582159839832,0.7009299987576572,0.6926528088863383,0.40863095689864964,0.2184003020242862,0.44400798219562043
camera0_2_image000060.jpg,0.6894494168700841,2,2,0.0,0.2475046590675241,0.3415944244251302,0.3057951685969973,0.16165917130704413,0.26870613520111386
camera0_2_image000070.jpg,0.8074534161490683,2,2,0.8372157236347102,0.6587432755270063,0.6713872157046009,0.45463663107483987,0.23788268387851455,0.46616872763459727
camera0_2_image000080.jpg,0.41897533206831117,2,2,0.2371584777260297,0.5420930157683675,0.5928734687685894,0.4078478189744434,0.20797197588027552,0.4020791901470689
camera0_2_image000090.jpg,0.44755244755244755,2,2,0.860589543627318,0.6647204077162395,0.5510179661880852,0.2848196640963439,0.14997917248340167,0.34016857937000156
camera0_2_image000100.jpg,0.6602888763834177,2,2,0.019068265797706686,0.06477552484563555,0.10096453908977031,0.3690067180925172,0.196354969568083,0.2435909603665248
camera0_2_image000110.jpg,0.9194093577655221,2,2,0.6826884687334913,0.47162943599154783,0.4284329891481656,0.4733449021349694,0.26671049711216627,0.4151084311024288
camera0_2_image000120.jpg,0.6125992063492064,2,2,1.0,0.9532144922682348,0.8765093998755457,0.34613429525691863,0.17307249086935197,0.46377557849193907
camera0_2_image000130.jpg,0.7507692307692307,2,2,0.0,0.024362147012552876,0.07147052310391129,0.24678522018274376,0.12339751608369114,0.16068676001727517
camera0_2_image000140.jpg,0.8057921635434412,2,2,0.8860784573182758,0.7810315682368539,0.7745036035315009,0.392941024006399,0.19647286902264663,0.4576494733031848
camera0_2_image000150.jpg,0.7315415508186592,2,2,0.0,0.0,0.03900352610249302,0.4117437796503142,0.24626299478420932,0.25820832617348954
camera0_2_image000160.jpg,0.7342995169082126,2,2,0.0,0.0,0.0,0.47004073672974195,0.2843845557509814,0.2854691620869992
camera0_2_image000170.jpg,0.7675675675675676,2,2,0.0,0.0025744301575452147,0.051131779225931415,0.3952899948096618,0.22122260831250481,0.24727944386403852
camera0_2_image000180.jpg,0.828,2,2,0.0,0.0,0.0,0.44034908713635956,0.2715162079127533,0.26872337493893955
camera0_2_image000190.jpg,0.7130801687763713,2,2,0.0,0.0675999719576559,0.26397642891085815,0.4663641101479627,0.26822801892396086,0.34278540357637477
camera0_2_image000200.jpg,0.8113762667538411,2,2,0.015781978238854372,0.11122976960413088,0.18932483158393792,0.5155996353279803,0.2873083440926452,0.35531918002434487
camera0_2_image000210.jpg,0.7647058823529411,2,2,0.0,0.0,0.0,0.45818930779584105,0.2829503919080929,0.27971998634863804
camera0_2_image000220.jpg,0.7092105263157895,2,2,0.0,0.0,0.0,0.4604675944732259,0.27978067104998094,0.27995513664186555
camera0_2_image000230.jpg,0.7772249075916975,2,2,0.0,0.11124550660220375,0.3669835796604725,0.5205011513630673,0.27037025578830165,0.39332872250622347
camera0_2_image000240.jpg,0.7223942208462333,2,2,0.0,0.00281585926125583,0.10418225112290956,0.5060521429673202,0.2907764127637427,0.3272578663592332
camera0_2_image000250.jpg,0.6745283018867925,2,2,0.0,0.0,0.0,0.23180678239814587,0.19771658509757326,0.15529514985207976
camera0_2_image000260.jpg,0.6824012314007183,2,2,0.0,0.0,0.18154567316339207,0.5494745610387903,0.34012882389680715,0.37691266151860675
camera0_2_image000270.jpg,0.9152351450295692,2,2,0.7120606163938351,0.7854283184794033,0.7920985280912082,0.6775773325713135,0.49785681601531884,0.6638198577180733
camera0_2_image000280.jpg,0.7488491048593351,2,2,0.6462613667774042,0.8618448430624666,0.8468917262373169,0.7677895344427246,0.5104006187139575,0.7225902311661322
camera0_2_image000290.jpg,0.8887462558836114,2,2,0.01586042532985633,0.14249236963567993,0.2773560247595856,0.5365022075540082,0.35920590310319045,0.40440599988506143
camera0_2_image000300.jpg,0.7535953978907,2,2,0.8009116188111117,0.6866642330042642,0.6492440606462808,0.6622925116644266,0.49164366355206557,0.6201420026705412
camera0_2_image000310.jpg,0.6963470319634704,2,2,0.9922372238671612,0.6898095183603637,0.6344293852736782,0.5551957541252533,0.3102302350062362,0.5262913460586468
camera0_2_image000320.jpg,0.7956204379562044,2,2,1.0,1.0,0.9515940770416541,0.8250188150580031,0.44235392824308706,0.7686420365366116
camera0_2_image000330.jpg,0.8621359223300971,2,2,1.0,0.9002978056470967,0.7900045913211499,0.6422288141035019,0.4158216139345655,0.6375987920521164
camera0_2_image000340.jpg,0.7755816580076802,2,2,1.0,0.9590478868667754,0.8149688225918121,0.6506832741460811,0.4283999813863685,0.6529622310146377
camera0_2_image000350.jpg,0.8403762878901,2,2,0.0,0.0,0.11818650081102783,0.5482697408650694,0.3298913981438138,0.3593799955633495
camera0_2_image000360.jpg,0.5614035087719298,2,2,0.9471650620544367,0.7428355646940743,0.7266345918396308,0.5859419750119077,0.31330352006848206,0.563498437968402
camera0_2_image000370.jpg,0.7048856255295114,2,2,0.0,0.0,0.008088763408192427,0.5024667125769233,0.3060844167412049,0.307526360213899
camera0_2_image000380.jpg,0.9059226813940202,2,2,0.0,0.0,0.02575228326118882,0.5540378869052932,0.33560947601095265,0.34243806246857333
camera0_2_image000390.jpg,0.8143961927424153,2,2,0.0,0.02349137944622257,0.09596903253315513,0.5280609175289455,0.3768857986523721,0.35807980499611963
camera0_2_image000400.jpg,0.7415730337078652,2,2,0.0,0.0,0.06687821869983344,0.48477496312419793,0.35826697204636354,0.32602330871206314
camera0_2_image000410.jpg,0.7578113539680211,2,2,0.0,0.0,0.009799873905363878,0.5097519732632224,0.384801270039752,0.33110472435060095
camera0_2_image000420.jpg,0.7019498607242339,2,2,0.0,0.0,0.07311178301961364,0.42155837127298695,0.2740259156194537,0.2774322193506269
camera0_2_image000430.jpg,0.821917808219178,2,2,0.0,0.040511879646063474,0.13145941105922412,0.4204036923737072,0.3038808205916214,0.2995487563519918
camera0_2_image000440.jpg,0.7046979865771812,2,2,0.0,0.0,0.0,0.21701902596779474,0.18219166550009375,0.14465300814195056
camera0_2_image000450.jpg,0.6695423855963991,2,2,0.0,0.07245519170196238,0.17557254891369795,0.3808579433754024,0.20756911531288258,0.2687299600801233
camera0_2_image000460.jpg,0.5893536121673004,2,2,0.0,0.12839253768868517,0.3117069427960958,0.4444621906991634,0.24415095592900804,0.34036106173938174
camera0_2_image000470.jpg,0.39666666666666667,2,2,0.5478954837201552,0.41745809393068944,0.3864824470680134,0.16680329278738001,0.08340203974227456,0.21476168301159274
camera0_2_image000480.jpg,nan,-1,2,nan,nan,nan,nan,nan,0.0
camera0_2_image000490.jpg,nan,-1,2,nan,nan,nan,nan,nan,0.0
camera0_3_image000000.jpg,0.7824909747292419,3,3,0.76621154424493,0.7799586969332355,0.796181402008359,0.41107188735683525,0.2055638565922492,0.4706429304620335
camera0_3_image000010.jpg,0.7409133271202236,3,3,1.0,1.0,1.0,0.3760146463608208,0.188011695118092,0.5113227420625176
camera0_3_image000020.jpg,0.6528562460765851,3,3,1.0,0.992974459441724,0.9773992537554739,0.34839180082364457,0.17420263958240229,0.48982389195565634
camera0_3_image000030.jpg,0.7347153900210822,3,3,1.0,0.9480700863759806,0.8938463629892349,0.31293775544826696,0.15648016453983418,0.44820264307694513
camera0_3_image000040.jpg,0.6879972327914217,3,3,1.0,0.9658896439219617,0.8581231084679174,0.2430512259489671,0.12153309990456178,0.4003020808433791
camera0_3_image000050.jpg,0.822742474916388,3,3,1.0,0.9918647423447524,0.8928214128012667,0.24850269212989845,0.12425522130710329,0.41253408896063537
camera0_3_image000060.jpg,0.916287534121929,3,3,0.8947044434610508,0.797220312577602,0.7294846098427187,0.2650393804704161,0.13252720056209855,0.37404299141619873
camera0_3_image000070.jpg,0.8333954528512859,3,3,0.7828010529709801,0.6044304464074798,0.5927712882701405,0.3027408706390694,0.1513734345907436,0.35384412267051
camera0_3_image000080.jpg,0.9565217391304348,3,3,1.0,1.0,0.9626496348145918,0.2878359845895712,0.14392355197076379,0.4516194433245264
camera0_3_image000090.jpg,0.8367346938775511,3,3,1.0,0.9896610238064487,0.7881815988236367,0.2256814788316818,0.11284189842036925,0.3753967130161188
camera0_3_image000100.jpg,0.8434325744308231,3,3,1.0,1.0,0.9864030739765651,0.30624518394066935,0.15313178599522567,0.46771108173417664
camera0_3_image000110.jpg,0.711893622260527,3,3,0.994337796872668,0.9328066724267139,0.8283646315415362,0.30934945756170557,0.15467936004898375,0.4304264587964794
camera0_3_image000120.jpg,0.8690176322418136,3,3,1.0,1.0,0.9766057508991431,0.31791397195983057,0.15896755520664702,0.47226209104635636
camera0_3_image000130.jpg,0.8970283344851416,3,3,0.9908237759665146,0.8351910734018296,0.7713540505321578,0.42301728541922434,0.21164482632177642,0.4790138587992356
camera0_3_image000140.jpg,0.8836075563680682,3,3,0.9813525455172643,0.7768232040905775,0.7035723638766511,0.33468363324158257,0.16734830509876078,0.4094268567677476
camera0_3_image000150.jpg,0.8058103975535168,3,3,1.0,0.9501616299529526,0.8839711733129917,0.3680308579621603,0.184015666245533,0.47804908079561753
camera0_3_image000160.jpg,0.9339712918660287,3,3,1.0,0.8647804292650669,0.8069245097336136,0.32795429925660324,0.16397751671656707,0.4333807554056609
camera0_3_image000170.jpg,0.9177740863787376,3,3,1.0,1.0,0.8930533744064137,0.2913897122717974,0.14569803026646172,0.43786554275794687
camera0_3_image000180.jpg,0.88,3,3,1.0,0.9851772201931246,0.8212958967068876,0.26851054017885634,0.13425552209256894,0.4075941164357252
camera0_3_image000190.jpg,0.4386737089201878,3,3,1.0,1.0,0.9270057176916157,0.37079698811290773,0.18970955992769822,0.49279022334681477
camera0_3_image000200.jpg,0.8622448979591837,3,3,1.0,1.0,1.0,0.6403643437019265,0.35893822528336017,0.6746449605926332
camera0_3_image000210.jpg,0.9345322287330774,3,3,1.0,1.0,1.0,0.7969959464493432,0.4833310730170371,0.777253478945923
camera0_3_image000220.jpg,0.892018779342723,3,3,1.0,1.0,1.0,0.9651547557126199,0.6203386730301585,0.8882871801295137
camera0_3_image000230.jpg,0.927115987460815,3,3,1.0,1.0,1.0,0.9558090083683841,0.6254164120985678,0.8853213704953685
camera0_3_image000240.jpg,0.909018697299279,3,3,1.0,1.0,1.0,0.9736743589266343,0.7536071520694124,0.9258133833680189
camera0_3_image000250.jpg,0.967032967032967,3,3,1.0,1.0,1.0,1.0,0.7708451088582565,0.9421326032470345
camera0_3_image000260.jpg,0.9394125599115153,3,3,1.0,1.0,1.0,1.0,0.7994875751233884,0.949365549273583
camera0_3_image000270.jpg,0.9304093567251462,3,3,1.0,1.0,1.0,1.0,0.8542253547535702,0.9631882208973662
camera0_3_image000280.jpg,0.9216906946264745,3,3,1.0,1.0,1.0,1.0,0.8792132417171863,0.9694982933629258
camera0_3_image000290.jpg,0.9320670391061453,3,3,1.0,1.0,1.0,1.0,0.8751065118151063,0.9684612403573502
camera0_3_image000300.jpg,0.955132920037827,3,3,1.0,1.0,1.0,1.0,0.767050703300121,0.9411744200252831
camera0_3_image000310.jpg,0.9292986425339367,3,3,1.0,1.0,1.0,1.0,0.9299974827856341,0.9823225966630389
camera0_3_image000320.jpg,0.946302381059549,3,3,1.0,1.0,1.0,1.0,0.9271110232998789,0.9815936927524946
camera0_3_image000330.jpg,0.966975959510755,3,3,1.0,1.0,1.0,1.0,0.9343216563858234,0.9834145596933898
camera0_3_image000340.jpg,0.8756090570364001,3,3,1.0,1.0,1.0,1.0,0.9707297856921728,0.9926085317404477
camera0_3_image000350.jpg,0.9696108050470944,3,3,1.0,1.0,1.0,1.0,0.8514494926130287,0.9624872456093507
camera0_3_image000360.jpg,0.9320575098620937,3,3,1.0,1.0,1.0,1.0,0.8625256631966687,0.9652842583829973
camera0_3_image000370.jpg,0.9130695958122372,3,3,1.0,1.0,1.0,1.0,0.9691082522795782,0.9921990536059541
camera0_3_image000380.jpg,0.9770272587004972,3,3,1.0,1.0,1.0,1.0,0.9507203117326802,0.9875556342759293
camera0_3_image000390.jpg,0.929868006635732,3,3,1.0,1.0,1.0,1.0,0.9312470383623029,0.9826381410005816
camera0_3_image000400.jpg,0.9702844718246059,3,3,1.0,1.0,1.0,1.0,0.9351051535107651,0.9836124125027185
camera0_3_image000410.jpg,0.9532752820106867,3,3,1.0,1.0,1.0,1.0,0.9206455247961217,0.9799609911101317
camera0_3_image000420.jpg,0.9303606846396827,3,3,1.0,1.0,1.0,1.0,0.8756300042506311,0.9685934354168261
camera0_3_image000430.jpg,0.9113885505481121,3,3,1.0,1.0,1.0,1.0,0.9482787476679869,0.9869390776939361
camera0_3_image000440.jpg,0.9453110112971281,3,3,1.0,1.0,1.0,1.0,0.9468512788890356,0.9865786057800595
camera0_3_image000450.jpg,0.9164591351596106,3,3,1.0,1.0,1.0,1.0,0.9488108743612953,0.9870734531215393
camera0_3_image000460.jpg,0.8737644733126235,3,3,1.0,1.0,1.0,1.0,0.9579696298924384,0.9893862701748583
camera0_3_image000470.jpg,0.9015068834127942,3,3,1.0,1.0,1.0,1.0,0.9061076804011432,0.9762898182831169
camera0_3_image000480.jpg,0.847934815011096,3,3,1.0,1.0,1.0,0.985054252441409,0.8813637509181844,0.9632478296244245
camera0_3_image000490.jpg,0.8010617609902199,3,3,1.0,1.0,1.0,0.9293226343739021,0.8481198647907952,0.9295203552181361
camera0_3_image000500.jpg,0.7377499125474262,3,3,1.0,1.0,0.9886104829126524,0.7311298831708344,0.7134802514738758,0.8028443120714053
camera0_4_image000000.jpg,0.5215940791939043,4,4,1.0,0.9593823930145113,0.8520692188199984,0.6378595263123384,0.5016186039398511,0.6740699189350179
camera0_4_image000010.jpg,0.7745152508472692,4,4,0.5068910026057246,0.6601389297855823,0.7455385740801533,0.829824178285898,0.6039933194816209,0.7394034961207673
camera0_4_image000020.jpg,0.7852380594926948,4,4,1.0,1.0,0.998701051523104,0.9028909265862153,0.6103138357907815,0.8571586994991824
camera0_4_image000030.jpg,0.921847489942437,4,4,1.0,1.0,1.0,0.7803446944791237,0.43169950524674827,0.7566464533609017
camera0_4_image000040.jpg,0.9799737072743208,4,4,1.0,1.0,0.9986629988056812,0.49491747966426,0.27667510238592613,0.5874553698754311
camera0_4_image000050.jpg,0.885248836376656,4,4,0.8063630377164259,0.47586962000464317,0.3740637923558825,0.2514478819267951,0.14577325587129292,0.2740410179489819
camera0_4_image000060.jpg,0.9437515284910736,4,4,0.006488441358547609,0.04069531834293355,0.06671502053854796,0.10529845491547546,0.07348779569356614,0.08356382970619368
camera0_4_image000070.jpg,0.8275659249093226,4,4,0.0,0.2656510844875265,0.36436349386306693,0.1650607322303626,0.10329695238858397,0.19599762881003832
camera0_4_image000080.jpg,0.9180327868852459,4,4,0.0,0.0,0.0,0.04805983414014643,0.05126949704784006,0.034792221843460515
camera0_4_image000090.jpg,0.9567567567567568,17,4,0.012669021818229273,0.0070021807630311385,0.007784954524090281,0.006740492623864759,0.019276767839312856,0.010275259574938035
camera0_4_image000100.jpg,0.9552401746724891,4,4,0.0,0.000984016198912974,0.012725793289035227,0.10497650425804937,0.09881232138175422,0.07560615301065131
camera0_4_image000110.jpg,0.9379675451720566,4,4,0.0,0.6046698506538911,0.7208848117376406,0.4692471115188876,0.2570202893878333,0.46952070550591113
camera0_4_image000120.jpg,0.8837545126353791,4,4,1.0,0.927974892081438,0.8367719208649134,0.31409224579661993,0.1683667634185317,0.4378441957589718
camera0_4_image000130.jpg,0.9329577464788732,4,4,1.0,1.0,0.9794878719630257,0.45426656923535336,0.24395543639500603,0.5563571580266075
camera0_4_image000140.jpg,0.9245947850599013,4,4,1.0,1.0,0.9667819074457762,0.45316429351502596,0.24158852029694358,0.5523706983144416
camera0_4_image000150.jpg,0.9753086419753086,4,4,1.0,1.0,0.8855894804164345,0.4161996431877234,0.2274988970480369,0.5135577745355379
camera0_4_image000160.jpg,0.912444663059518,4,4,0.42568043253981014,0.6972746221906135,0.6899760270676789,0.3043602395159846,0.15241320914479256,0.37394038667474017
camera0_4_image000170.jpg,0.9255441008018328,8,4,0.7960334656823851,0.5786918148786857,0.5189511389434786,0.198221350671692,0.10418607554599181,0.2767393272062935
camera0_4_image000180.jpg,0.9072164948453608,8,4,1.0,1.0,1.0,0.66805336271811,0.3746214905469772,0.6911912988483777
camera0_4_image000190.jpg,0.8940866414099818,4,4,1.0,1.0,1.0,0.47609099995412607,0.2389242676571795,0.5696687039329813
camera0_4_image000200.jpg,0.913151364764268,4,4,1.0,1.0,1.0,0.4783393048580172,0.24468775078970015,0.5721460857409422
camera0_4_image000210.jpg,0.8822544642857143,4,4,1.0,1.0,1.0,0.6732792462337563,0.3618083987385216,0.6903310712018391
camera0_4_image000220.jpg,0.779009608277901,4,4,1.0,0.808233043655541,0.7691142337132417,0.5027718409860971,0.25469743251176197,0.5245887637592554
camera0_4_image000230.jpg,0.8,4,4,0.015552956186244986,0.36653377336299964,0.4800448758104304,0.4357618854348699,0.24919201108027986,0.38707679514966475
camera0_4_image000240.jpg,0.9130434782608695,4,4,0.8309207130714131,0.9019040904372934,0.9045175031348618,0.6419131504284709,0.3671857677764017,0.6478564607811744
camera0_4_image000250.jpg,0.8873720136518771,4,4,1.0,0.9719155736552928,0.9720236992001279,0.6455071219398613,0.3430380515785469,0.6653325766687791
camera0_4_image000260.jpg,0.9024390243902439,4,4,1.0,1.0,1.0,0.7195522432898409,0.3897455491771371,0.718419087651225
camera0_4_image000270.jpg,0.881063122923588,4,4,0.9916760333812161,0.9493462216306409,0.8386158667357662,0.36841744643524454,0.18472325471908407,0.46789023760826426
camera0_4_image000280.jpg,0.9134931828866949,4,4,0.7844289800363549,0.6378384044271763,0.47014792605396377,0.13358395986012514,0.06679380683579796,0.2292786109172704
camera0_4_image000290.jpg,0.8428571428571429,4,4,0.38824811654192803,0.11262329051598487,0.08959146983069691,0.10288298849781471,0.06991097463141087,0.09774361575538791
camera0_4_image000300.jpg,0.905497664390945,4,4,0.0,0.0,0.0,0.00016862856409461885,0.028393095589884693,0.007246622981125002
camera0_4_image000310.jpg,0.9296320206584894,4,4,0.0,0.0,0.0,0.0,0.024651399247226355,0.006225100820006655
camera0_4_image000320.jpg,0.7963963963963964,4,4,0.0,0.0,0.0,0.07441751335956913,0.04138886573794507,0.04427787620837614
camera0_4_image000330.jpg,0.7424242424242424,4,4,0.09250269578400004,0.20199790305634469,0.17260324082872938,0.04228181001978019,0.02114105123897379,0.07483612733164055
camera0_4_image000340.jpg,0.6153846153846154,4,4,0.0,0.14964196921116965,0.19293196643979676,0.06230068434090416,0.03163409396332621,0.08695698233100539
camera0_4_image000350.jpg,0.7338510412989764,4,4,0.5935111085900202,0.7939846104696155,0.7528530214246301,0.23314589574126393,0.11657481807797701,0.3545967849156949
camera0_4_image000360.jpg,0.8277608915906788,4,4,1.0,0.9932766559180791,0.9714396004304006,0.3596907717610755,0.1799512008509292,0.4950707142609798
camera0_4_image000370.jpg,0.8720149253731343,4,4,0.931839263298269,0.9682279095341944,0.9540502935487155,0.46326308507501995,0.23165055339106336,0.5487367513888787
camera0_4_image000380.jpg,0.9168526785714286,4,4,0.21176543252055535,0.6527812316233731,0.7887080506851372,0.4566993179373367,0.22835071307624874,0.4784567139580631
camera0_4_image000390.jpg,0.8065843621399177,4,4,1.0,0.990663132846931,0.7651960925225344,0.512747738381342,0.2595690605307066,0.5377552618181441
camera0_4_image000400.jpg,0.8392857142857143,4,4,0.7956889156519078,0.7331845088387593,0.6991521277307551,0.4760439865313372,0.2380349567262385,0.48479277077865013
camera0_4_image000410.jpg,0.9134948096885813,4,4,1.0,1.0,0.9388509026142607,0.6151341805353029,0.4173755853473505,0.6640360915817501
camera0_4_image000420.jpg,0.8376068376068376,4,4,1.0,1.0,1.0,0.8196087712384531,0.4241930036129344,0.7725981797581187
camera0_4_image000430.jpg,0.896551724137931,4,4,0.0,0.5246689654997542,0.7453322084771434,0.5910433738037133,0.2996648571238599,0.5375712958055375
camera0_4_image000440.jpg,0.8316831683168316,4,4,0.0,0.3037307600227366,0.6023489134358551,0.6398378246903801,0.3480299625118627,0.5294251529926538
camera0_4_image000450.jpg,0.7959866220735786,4,4,0.0,0.18491863869448127,0.43850930923602793,0.33708721095050265,0.1699488972627392,0.30420444703309996
camera0_4_image000460.jpg,0.7912355447352404,4,4,0.3243685462063407,0.6936504616255533,0.8156515261365364,0.31000709221493983,0.15500372003517124,0.4035124813974881
camera0_4_image000470.jpg,0.7271386430678466,4,4,0.6181814663211993,0.8667866266070975,0.8758274356879752,0.2634578464932827,0.13173905331620855,0.403960600812694
camera0_4_image000480.jpg,0.8918918918918919,4,4,0.948541972260805,0.8724663596807456,0.8473181035069711,0.2449500750389331,0.12248418056376285,0.3936636139680594
camera0_4_image000490.jpg,0.8658008658008658,4,4,0.5404471602188717,0.6797003760658517,0.5088281087813992,0.10385441450415657,0.051930011211484106,0.21777653932615865
camera0_4_image000500.jpg,nan,-1,4,nan,nan,nan,nan,nan,0.0
camera0_5_image000001.jpg,0.9502864291828538,5,5,1.0,1.0,1.0,1.0,0.7704151545663961,0.9420240289309081
camera0_5_image000011.jpg,0.9161342498989082,5,5,1.0,1.0,1.0,0.8949437549000114,0.4917618115800474,0.8239041844444616
camera0_5_image000021.jpg,0.9511411477952582,5,5,1.0,1.0,1.0,0.9352711869622196,0.5312686625124338,0.8522113128900073
camera0_5_image000031.jpg,0.9174288617886179,5,5,1.0,1.0,1.0,1.0,0.6635004065299773,0.9150253551843377
camera0_5_image000041.jpg,0.8628026412325752,5,5,1.0,1.0,1.0,0.9801748298090434,0.6209012790539847,0.895256558765218
camera0_5_image000051.jpg,0.8954578226387887,5,5,1.0,1.0,1.0,0.864038831885262,0.5658947873895038,0.8285769406017615
camera0_5_image000061.jpg,0.895529197080292,5,5,1.0,1.0,1.0,1.0,0.7307715058024324,0.9320130065157658
camera0_5_image000071.jpg,0.9065138721351025,5,5,1.0,1.0,1.0,0.9976993290716966,0.6730919453881405,0.9164017014437359
camera0_5_image000081.jpg,0.9497554468652735,5,5,1.0,1.0,1.0,0.9983197277635335,0.7347287804952657,0.9322485581994004
camera0_5_image000091.jpg,0.9321568060176479,5,5,1.0,1.0,1.0,0.9986276414075479,0.6553918047146512,0.9123539291030903
camera0_5_image000101.jpg,0.9496455634319237,5,5,1.0,1.0,1.0,0.9891658049909394,0.6416723381127047,0.9045885826001
camera0_5_image000111.jpg,0.9337944664031621,5,5,1.0,1.0,1.0,0.993523175142529,0.6102365576940858,0.8986308770077368
camera0_5_image000121.jpg,0.8972712680577849,5,5,1.0,1.0,1.0,0.9782316667701673,0.6544025659270832,0.9028332237660062
camera0_5_image000131.jpg,0.9439180386118678,5,5,1.0,1.0,1.0,1.0,0.7524520614395346,0.9374878943029128
camera0_5_image000141.jpg,0.8902596115735236,5,5,1.0,1.0,1.0,1.0,0.8756432382926745,0.968596777346635
camera0_5_image000151.jpg,0.930722429572064,5,5,1.0,1.0,1.0,1.0,0.8504415557687239,0.9622327161032131
camera0_5_image000161.jpg,0.9474348570913353,5,5,1.0,1.0,1.0,1.0,0.8613029910205845,0.9649755027829758
camera0_5_image000171.jpg,0.935976304397357,5,5,1.0,1.0,1.0,0.9997414003554593,0.7877002523615713,0.9462714073235853
camera0_5_image000181.jpg,0.9620689655172414,5,5,1.0,1.0,1.0,0.999130171497729,0.7915672814236282,0.9469700985150354
camera0_5_image000191.jpg,0.9433910789796753,5,5,1.0,1.0,1.0,1.0,0.768690018905417,0.9415883886124791
camera0_5_image000201.jpg,0.9643896824859522,5,5,1.0,1.0,1.0,1.0,0.8049718963256596,0.9507504788701161
camera0_5_image000211.jpg,0.9331542004825619,5,5,1.0,1.0,1.0,1.0,0.7989550166766921,0.9492310648173465
camera0_5_image000221.jpg,0.9347703135800918,5,5,1.0,1.0,1.0,0.9910297725151616,0.6649667366221794,0.9113182644316843
camera0_5_image000231.jpg,0.9006643220007815,5,5,1.0,1.0,1.0,0.9928823069621179,0.7289049765752657,0.9283063457341105
camera0_5_image000241.jpg,0.8531583700791585,5,5,1.0,1.0,1.0,1.0,0.7788329516313337,0.9441497352604378
camera0_5_image000251.jpg,0.9552931252636019,5,5,1.0,1.0,1.0,1.0,0.8389065947464222,0.9593198471581874
camera0_5_image000261.jpg,0.9274447949526814,5,5,1.0,1.0,1.0,1.0,0.8937049722235982,0.9731578212685854
camera0_5_image000271.jpg,0.942845983595886,5,5,1.0,1.0,1.0,1.0,0.8683679245779925,0.9667595769136345
camera0_5_image000281.jpg,0.9440862114654183,5,5,1.0,1.0,1.0,1.0,0.795144921283373,0.9482689195160032
camera0_5_image000291.jpg,0.9516129032258065,5,5,1.0,1.0,1.0,1.0,0.7447444388310988,0.9355415249573482
camera0_5_image000301.jpg,0.9374300111982082,5,5,1.0,1.0,1.0,1.0,0.7813138765000569,0.9447762314394083
camera0_5_image000321.jpg,0.9162020611589795,5,5,1.0,1.0,1.0,1.0,0.7729560651836754,0.9426656730261807
camera0_5_image000331.jpg,0.9171483622350675,5,5,1.0,1.0,1.0,0.9948870488490751,0.689231746387527,0.9191990995747128
camera0_5_image000341.jpg,0.8945622268975563,5,5,1.0,1.0,1.0,0.9965076943194516,0.6999650713293291,0.9226461921980661
camera0_5_image000351.jpg,0.9431545741324922,5,5,1.0,1.0,1.0,1.0,0.7259036978048483,0.9307837620719314
camera0_5_image000361.jpg,0.9392650746919639,5,5,1.0,1.0,1.0,1.0,0.8482150663488776,0.9616704713002217
camera0_5_image000371.jpg,0.9204850412483848,5,5,1.0,1.0,1.0,1.0,0.8756818387979889,0.9686065249489871
camera0_5_image000381.jpg,0.9535286977631351,5,5,1.0,1.0,1.0,1.0,0.8776688812839637,0.9691083033545363
camera0_5_image000391.jpg,0.9447469162058698,5,5,1.0,1.0,1.0,0.9990804101934567,0.8058209400594895,0.9505468884867958
camera0_5_image000401.jpg,0.9419953596287703,5,5,1.0,1.0,1.0,0.9978606913085616,0.7636788323006927,0.939350524408107
camera0_5_image000411.jpg,0.9351309380955742,5,5,1.0,1.0,1.0,0.9773834090654914,0.7343660580048533,0.9226404531118025
camera0_5_image000421.jpg,0.9444687363358111,5,5,1.0,1.0,1.0,0.9851560048892974,0.7656017299590122,0.9340612471615524
camera0_5_image000431.jpg,0.9011554885707109,5,5,1.0,1.0,1.0,1.0,0.7392758180738358,0.9341605601196555
camera0_5_image000441.jpg,0.9817754262198707,5,5,1.0,1.0,1.0,0.9916145555548791,0.7063532137046702,0.9220352054806699
camera0_5_image000451.jpg,0.8256166516430385,5,5,1.0,1.0,1.0,1.0,0.678170657411372,0.9187299639927707
camera0_5_image000461.jpg,0.9077285517963484,5,5,1.0,1.0,1.0,1.0,0.7568707368352597,0.9386037214230454
camera0_5_image000471.jpg,0.9454830539138825,5,5,1.0,1.0,1.0,1.0,0.8223523022550184,0.9551394702664188
camera0_5_image000481.jpg,0.9144054020257597,5,5,1.0,1.0,1.0,1.0,0.858037084321525,0.9641507788690721
camera0_5_image000491.jpg,0.886489024533396,5,5,1.0,1.0,1.0,1.0,0.8664558172392136,0.9662767215250538
camera0_5_image000500.jpg,0.7516778523489933,5,5,0.11990573649830388,0.20129061044925572,0.2218395084533133,0.4698318576587485,0.30988540467269365,0.3538038067846347
camera0_6_image000001.jpg,0.8133971291866029,6,6,0.0,0.07217151192542819,0.2428232910787747,0.6437607740698731,0.4027713015398775,0.45279609317755637
camera0_6_image000011.jpg,0.7857142857142857,6,6,0.10642804317352314,0.495394064987556,0.6037951849184664,0.660609957069607,0.40503639406284103,0.5644533228197969
camera0_6_image000021.jpg,0.9073785803237858,6,6,0.4708070425585135,0.5361605894041943,0.6152000924913282,0.7293103794810666,0.452477956161746,0.619467220193762
camera0_6_image000031.jpg,0.8871205422929561,6,6,0.0,0.04858152114417836,0.20798709470652052,0.6475683065478496,0.3960572168852732,0.44384172417000584
camera0_6_image000041.jpg,0.8648483925034283,6,6,0.8198604916497246,0.6011116091390752,0.5872375002642718,0.6776334977286217,0.3982866660690729,0.5859418285847091
camera0_6_image000051.jpg,0.9225449515905948,6,6,0.010428431545401306,0.2975276779276523,0.4511655689565817,0.6877781607389897,0.4348538578686079,0.5387103070228086
camera0_6_image000061.jpg,0.884149148381157,6,6,0.0,0.006433178233701482,0.1502442743644153,0.605038266178264,0.3852996393907753,0.40675412563679053
camera0_6_image000071.jpg,0.8318505338078291,6,6,0.9540606519242226,0.9026668545031861,0.9111916718806695,0.7195472668392282,0.4291917179210467,0.702841966891104
camera0_6_image000081.jpg,0.8328421052631579,6,6,0.0,0.07098477502995605,0.22989817998979414,0.5944598556323369,0.3797809117912622,0.4215894629862817
camera0_6_image000091.jpg,0.9096805578076861,6,6,0.0,0.299732677014781,0.36504617265610656,0.5948063282612058,0.36415579223727346,0.45891429807085876
camera0_6_image000101.jpg,0.9001713128796137,6,6,0.3587806541838494,0.54388137124576,0.6104443742393383,0.6930259979580802,0.41354793262763107,0.5901504456885164
camera0_6_image000111.jpg,0.9157660521296885,6,6,0.0,0.0,0.10603873728351547,0.5253366047433667,0.34713707039891384,0.3505499551747823
camera0_6_image000121.jpg,0.7460106382978723,6,6,1.0,0.889632647933402,0.882426924743855,0.6555274383890433,0.3806770685535563,0.6552890319574031
camera0_6_image000131.jpg,0.8395202741290692,6,6,0.05058596917089662,0.33655318397887113,0.4506678384870301,0.698426290497007,0.40142744114119133,0.5375813811424243
camera0_6_image000141.jpg,0.8911597729115978,6,6,0.0,0.0,0.09014652799494056,0.5495499496115028,0.34574124989177274,0.35759167535048597
camera0_6_image000151.jpg,0.8476881233000907,6,6,0.964440207076066,0.8501996324880389,0.8246243032036222,0.6954637494535914,0.3927149441809741,0.660834019316826
camera0_6_image000161.jpg,0.8757727406535178,6,6,0.0,0.25505052753774615,0.3893389699707338,0.6786200564445631,0.3866715032659925,0.5061873163627931
camera0_6_image000171.jpg,0.8589473684210527,6,6,0.0,0.0,0.10344064945056511,0.5972421402764605,0.3425772805762629,0.38149235292409095
camera0_6_image000181.jpg,0.7800269905533064,6,6,0.9097854306922373,0.8232956804630563,0.7820652251146701,0.6579989634161842,0.3645602627327555,0.6246952415211665
camera0_6_image000191.jpg,0.9020151869158879,6,6,0.0,0.1476111049787584,0.3072365517093887,0.670503287663595,0.38650501416299676,0.4789125826747713
camera0_6_image000201.jpg,0.8487484737484737,6,6,0.8735226809090972,0.5765043703935281,0.5046097511808131,0.6114143451549682,0.358701556278685,0.5270325138292733
camera0_6_image000211.jpg,0.8221447253705318,6,6,0.7778431801027322,0.7733069572145136,0.7688194399421918,0.6790669917915196,0.3799818665462352,0.6302178420267107
camera0_6_image000221.jpg,0.9256505576208178,6,6,0.0,0.02098962811108441,0.18924309712371556,0.5839790834830674,0.3334022927788523,0.3936014049292204
camera0_6_image000231.jpg,0.8900523560209425,6,6,0.24701645614760862,0.2845596467196521,0.2884224482701816,0.5718576729920921,0.3375838469063503,0.4286590693526832
camera0_6_image000241.jpg,0.8993288590604027,6,6,0.10520680107444416,0.40241323898395875,0.48468138678395156,0.5960044935019061,0.3482957363036724,0.4894363635898303
camera0_6_image000251.jpg,0.92018779342723,6,6,0.0,0.0,0.16441785524873848,0.6133637823764891,0.37049685646820496,0.40972922587619953
camera0_6_image000261.jpg,0.8980711933511055,6,6,0.15224159118680244,0.26644236132896626,0.2511203190112588,0.5599088081284275,0.35229282219431146,0.41572624148226567
camera0_6_image000271.jpg,0.8210465452442902,6,6,0.1911464297889736,0.45024082438712076,0.5548836036278497,0.6271043525598927,0.3669972343109525,0.5281604482213696
camera0_6_image000281.jpg,0.904318111214663,6,6,0.0,0.0,0.2044002024779653,0.5935567341970264,0.3466097745067008,0.4037808278513932
camera0_6_image000291.jpg,0.9229591836734694,6,6,0.0,0.015639544749117724,0.07496226425323937,0.5100564379607753,0.3295844841450498,0.3328200071609096
camera0_6_image000301.jpg,0.8410538506079908,6,6,0.04482109920886473,0.3699246194110471,0.5235919900449855,0.6061606520603741,0.3789607962080673,0.5079431516131123
camera0_6_image000321.jpg,0.8873239436619719,6,6,0.0,0.03348253019143806,0.10891893793576131,0.5305083860943349,0.3594546425828229,0.358187787153856
camera0_6_image000331.jpg,0.8484444444444444,6,6,0.0,0.1586955761836201,0.3847271465185818,0.5840782332435186,0.38743315262296474,0.45797818384875594
camera0_6_image000341.jpg,0.8798283261802575,6,6,0.0,0.047078820477164905,0.2600755642016685,0.556579428368547,0.38988519932636556,0.41269453683261154
camera0_6_image000351.jpg,0.974920634920635,6,6,0.0,0.0,0.03700686124403663,0.5449037087426215,0.3988110270856104,0.35680400958130354
camera0_6_image000361.jpg,0.8109195402298851,6,6,0.0,0.3023398944130022,0.4804023891220742,0.5723178175315909,0.38412988328923187,0.4800720419318946
camera0_6_image000371.jpg,0.8117599020008167,6,6,0.1364166683991868,0.4068292560926322,0.49619003687418006,0.5889915597635298,0.4350103258368717,0.5115931227693424
camera0_6_image000381.jpg,0.8870020631645771,6,6,0.0,0.0,0.04053824871867939,0.4931097483587913,0.37328157358402997,0.3276170566860267
camera0_6_image000391.jpg,0.8931947069943289,6,6,0.0,0.0,0.0,0.5371276112726963,0.38550240122799734,0.34149800543405323
camera0_6_image000401.jpg,0.8627331091409355,6,6,0.40634472375067626,0.49310130156115245,0.525815716471478,0.537930078657912,0.3965047724415514,0.4947673916745416
camera0_6_image000411.jpg,0.9540229885057471,6,6,0.0,0.17386490605388222,0.3160488762105632,0.5716106190130498,0.475245570288397,0.45956675661391216
camera0_6_image000421.jpg,0.8800505050505051,6,6,0.0,0.0,0.0,0.42790619988142065,0.39932469049109254,0.29534238643374994
camera0_6_image000431.jpg,0.8989717643218541,6,6,0.0,0.0,0.22611415779108632,0.5542723740418215,0.41761343374874677,0.40878950733232405
camera0_6_image000441.jpg,0.8139745916515426,6,6,0.2964308998623035,0.49208424092349345,0.555654595664169,0.627602274955514,0.44652876239045425,0.5526746537281174
camera0_6_image000451.jpg,0.9367045647378245,6,6,0.0,0.03519030285648711,0.15056819078901543,0.5325011012750593,0.48024115534609024,0.39913857673370673
camera0_6_image000461.jpg,0.9164817429897115,6,6,0.0,0.0,0.004275677116136557,0.5431485628321661,0.43507912800831605,0.35772592184614593
camera0_6_image000471.jpg,0.7599537037037037,6,6,1.0,0.8461861931220723,0.7214198951454885,0.6290228500804628,0.41434217248323585,0.6131754351063085
camera0_6_image000481.jpg,0.884927536231884,6,6,0.0,0.29212225685903864,0.5101450000546208,0.7008592168476764,0.4470525861827821,0.5606847683819154
camera0_6_image000491.jpg,0.8382352941176471,6,6,0.0,0.37298534346992,0.4676180919524978,0.69317613888307,0.461013441633261,0.554728317223389
camera0_6_image000500.jpg,0.7651821862348178,6,6,0.9168325775397816,0.9443858780261543,0.9481266069841187,0.6345244102764356,0.3587022022828097,0.6559333715439372
camera0_7_image000001.jpg,0.8233082706766918,7,7,1.0,0.9941779518041529,0.9841456339534385,0.6861186373117255,0.358059754110511,0.6913526270592069
camera0_7_image000011.jpg,0.921322023983621,7,7,1.0,1.0,1.0,0.551779269452934,0.2760752076671564,0.6134540133036459
camera0_7_image000021.jpg,0.9395390601616282,7,7,1.0,1.0,1.0,0.46905409158714295,0.23452815928058446,0.5653599808427883
camera0_7_image000031.jpg,0.9148936170212766,7,7,1.0,1.0,1.0,0.5788298726742375,0.2896268618988882,0.629171876947605
camera0_7_image000041.jpg,0.9414225941422594,7,7,1.0,1.0,1.0,0.3986917706589251,0.19934957133140657,0.5244936258882505
camera0_7_image000051.jpg,0.8437747819191118,7,7,1.0,1.0,0.9798593807930676,0.35605469513378657,0.1780302960041232,0.49515206817138885
camera0_7_image000061.jpg,0.8906481939633845,7,7,1.0,1.0,1.0,0.5167482906662426,0.258385672052118,0.593063786679635
camera0_7_image000071.jpg,0.84375,7,7,1.0,1.0,1.0,0.5729388383088523,0.2871091513418598,0.625858348560049
camera0_7_image000081.jpg,0.9878048780487805,7,7,1.0,1.0,1.0,0.46823564282402236,0.23411925833872682,0.5648847008641331
camera0_7_image000091.jpg,0.9484805318138652,7,7,1.0,1.0,0.9977989909589061,0.5062961257648604,0.25320902203548157,0.586505338453345
camera0_7_image000101.jpg,0.9265244559362207,7,7,1.0,1.0,1.0,0.7276509995971234,0.38067714840684974,0.7198103403236545
camera0_7_image000111.jpg,0.9096612296110415,7,7,1.0,1.0,1.0,0.6873422866672175,0.35036735213724746,0.693834209125818
camera0_7_image000121.jpg,0.90625,7,7,1.0,1.0,1.0,0.7985080109353146,0.45460905494211395,0.770687746117596
camera0_7_image000131.jpg,0.7825862068965517,7,7,1.0,1.0,1.0,0.7495043745764847,0.3930540312885894,0.7328691680621874
camera0_7_image000141.jpg,0.8959459459459459,7,7,1.0,1.0,1.0,0.7910491826841833,0.47124688480020793,0.7714988418261964
camera0_7_image000151.jpg,0.8891707317073171,7,7,1.0,0.9853084104441452,0.9793339899007818,0.7619973485859156,0.447260925002173,0.7468717821331997
camera0_7_image000161.jpg,0.917687595712098,7,7,1.0,0.9951187334272713,0.9902674578553874,0.7697404563845548,0.4749785862285373,0.7603215888402761
camera0_7_image000171.jpg,0.8564051307679493,7,7,1.0,1.0,1.0,0.7849975100927002,0.479059467064497,0.7707209558665046
camera0_7_image000181.jpg,0.9038759689922481,7,7,1.0,1.0,0.9977351460220067,0.7813475358474539,0.4876541019464231,0.7707174994675875
camera0_7_image000191.jpg,0.9567220668092808,7,7,1.0,1.0,1.0,0.8227469703794167,0.5187408666820539,0.7979003569103545
camera0_7_image000201.jpg,0.918837975441749,7,7,1.0,1.0,1.0,0.8988830123341902,0.5574159933323685,0.8422740948317957
camera0_7_image000211.jpg,0.9653692920625192,7,7,1.0,1.0,1.0,0.8882403039141654,0.5480125224342154,0.8350618862322509
camera0_7_image000221.jpg,0.8874916387959866,7,7,1.0,1.0,1.0,0.8841787363913993,0.5550005671642891,0.8349803769365677
camera0_7_image000231.jpg,0.9364548494983278,7,7,1.0,1.0,1.0,0.8099585200668373,0.5192544660880748,0.7922171217697934
camera0_7_image000241.jpg,0.9599782933116267,7,7,1.0,1.0,1.0,0.8312291636179744,0.5170488193552019,0.8013286146130191
camera0_7_image000251.jpg,0.9915966386554622,7,7,1.0,1.0,1.0,0.880098416030082,0.5618539442619309,0.8348563366454743
camera0_7_image000261.jpg,0.8802890779811167,7,7,1.0,1.0,1.0,0.8226439408082398,0.5655871031788996,0.809683382988316
camera0_7_image000271.jpg,0.9035294117647059,7,7,1.0,1.0,1.0,0.8801542166197459,0.5882265295173922,0.8415414443012461
camera0_7_image000281.jpg,0.9847328244274809,7,7,1.0,1.0,1.0,0.9119647853622201,0.6812478979300971,0.8794910382783063
camera0_7_image000291.jpg,0.9005025125628141,7,7,1.0,1.0,1.0,0.968300175248598,0.7456973816033584,0.9213731558209179
camera0_7_image000301.jpg,0.9205724164425663,7,7,1.0,1.0,1.0,0.9189589900606697,0.7421145933874482,0.8980405998728924
camera0_7_image000321.jpg,0.9196361512142202,7,7,1.0,1.0,1.0,0.9564977005649744,0.7526210200737601,0.9177567881542208
camera0_7_image000331.jpg,0.9464508094645081,7,7,1.0,1.0,1.0,0.9853666189633759,0.800053526286122,0.9428569293990401
camera0_7_image000341.jpg,0.9466988374643562,7,7,1.0,1.0,1.0,1.0,0.8779642063662956,0.9691828803955291
camera0_7_image000351.jpg,0.9591879890040178,7,7,1.0,1.0,1.0,0.921093073245232,0.6419488417462405,0.8737162559564794
camera0_7_image000361.jpg,0.955429965962366,7,7,1.0,1.0,1.0,0.9488319087600677,0.72710322618878,0.9078284499891166
camera0_7_image000371.jpg,0.9587205655966703,7,7,1.0,1.0,1.0,0.9754430256429107,0.8110227151726401,0.9411162023560302
camera0_7_image000381.jpg,0.9393286110255621,7,7,1.0,1.0,1.0,0.982395378484184,0.7477228839508279,0.9282915568743332
camera0_7_image000391.jpg,0.937221286294718,7,7,1.0,1.0,1.0,0.9659610885339467,0.7630335612488256,0.9246877577297802
camera0_7_image000401.jpg,0.9359304286094596,7,7,1.0,1.0,1.0,1.0,0.8279592080982519,0.9565553555803666
camera0_7_image000411.jpg,0.8982238618643745,7,7,1.0,1.0,1.0,0.9959325994486737,0.7392264944570951,0.9322992862284616
camera0_7_image000421.jpg,0.9364548494983278,7,7,1.0,1.0,1.0,0.9956687722156249,0.8266203092580189,0.9542485099106424
camera0_7_image000431.jpg,0.933933170126856,7,7,1.0,1.0,1.0,0.9983086736267271,0.8005663186381596,0.9488691745369365
camera0_7_image000441.jpg,0.954794762915782,7,7,1.0,1.0,1.0,0.993045144324135,0.7806956513476404,0.9414588159421929
camera0_7_image000451.jpg,0.8703630467452346,7,7,1.0,1.0,1.0,0.9757803018682127,0.7183726357966037,0.9178730250402491
camera0_7_image000461.jpg,0.9764963672010148,7,7,1.0,1.0,1.0,1.0,0.8536784537323743,0.9630501145788823
camera0_7_image000471.jpg,0.965925925925926,7,7,1.0,1.0,1.0,1.0,0.886089298246936,0.9712346712744788
camera0_7_image000481.jpg,0.934672012932469,7,7,1.0,1.0,1.0,1.0,0.8887072834922093,0.9718957786596488
camera0_7_image000491.jpg,0.9149821323803936,7,7,1.0,1.0,1.0,1.0,0.952486783977336,0.9880017131255898
camera0_7_image000500.jpg,0.9126656628237106,7,7,1.0,1.0,0.9924845436261375,0.9805859824659702,0.9131733827630734,0.9675414748649858
camera0_8_image000001.jpg,0.8532773577789075,8,8,1.0,0.9411360580810434,0.7943285136425419,0.8154493524366069,0.6864320500712083,0.7875103629267616
camera0_8_image000011.jpg,0.9544468546637744,8,8,1.0,1.0,1.0,1.0,0.928151573713769,0.9818564580085275
camera0_8_image000021.jpg,0.8847155076236519,8,8,1.0,1.0,1.0,1.0,0.9471185702560777,0.9866461036000196
camera0_8_image000031.jpg,0.9336275375110327,8,8,1.0,1.0,1.0,1.0,0.952431907327957,0.9879878553858478
camera0_8_image000041.jpg,0.8882148073250197,8,8,1.0,1.0,1.0,1.0,0.9470490226457126,0.9866285410721497
camera0_8_image000051.jpg,0.9178658779364086,8,8,1.0,1.0,1.0,1.0,0.9114771821980931,0.9776457530803265
camera0_8_image000061.jpg,0.8990752709555534,8,8,1.0,1.0,1.0,1.0,0.7989976898616451,0.9492418408741528
camera0_8_image000071.jpg,0.9491283223778222,8,8,0.15995481260846187,0.09181715698011522,0.06252634200627513,0.048166381485354716,0.04273357112963918,0.05430056537222803
camera0_8_image000081.jpg,0.9183303085299456,8,8,1.0,1.0,1.0,0.8742368931473604,0.6374694126938627,0.851286823323008
camera0_8_image000091.jpg,0.8895718753369999,8,8,1.0,1.0,1.0,1.0,0.869224731305174,0.9669759422487813
camera0_8_image000101.jpg,0.8157384675022613,8,8,1.0,1.0,1.0,0.9669519922733819,0.7289803167701403,0.9165388643591486
camera0_8_image000111.jpg,0.8932154395510967,8,8,1.0,1.0,1.0,0.9717836581780023,0.6952256961628799,0.9102111820412333
camera0_8_image000121.jpg,0.8882462301177443,8,8,1.0,1.0,1.0,0.9095604491643946,0.6134966263158609,0.8612892512150937
camera0_8_image000131.jpg,0.9270833333333334,8,8,1.0,1.0,1.0,1.0,0.7342253790393355,0.9328851967271049
camera0_8_image000141.jpg,0.9485714285714286,8,8,1.0,1.0,1.0,1.0,0.7417940527537993,0.9347964779681311
camera0_8_image000151.jpg,0.9414259210177578,8,8,1.0,1.0,1.0,0.9629041952880864,0.6547699733261039,0.8959589709203686
camera0_8_image000161.jpg,0.9482459187217784,8,8,1.0,1.0,1.0,0.9152437033948582,0.5595054422487583,0.8502384112018947
camera0_8_image000171.jpg,0.8918918918918919,8,8,1.0,1.0,0.9780283484047184,0.7345657315923666,0.43174397679366705,0.7308555068747913
camera0_8_image000181.jpg,0.8864774624373957,8,8,1.0,1.0,1.0,0.7984717743224989,0.44347428147338,0.7678594634479491
camera0_8_image000191.jpg,0.8669950738916257,8,8,1.0,1.0,1.0,0.8222857350944577,0.47726991463140656,0.7872182418690481
camera0_8_image000201.jpg,0.8539478143002373,8,8,1.0,1.0,1.0,0.7707194288991034,0.4657546539168873,0.7608711176604226
camera0_8_image000211.jpg,0.8649253731343284,8,8,1.0,1.0,1.0,0.7326239816961224,0.4641830152054956,0.7431581268329585
camera0_8_image000221.jpg,0.8761220825852782,8,8,1.0,1.0,1.0,0.6923820133790062,0.4150935643919523,0.7124699970894351
camera0_8_image000231.jpg,0.8484848484848485,8,8,1.0,0.9105525158562991,0.7903733430134078,0.6154094180119454,0.3537512449939814,0.6102837522681022
camera0_8_image000241.jpg,0.9381091617933723,8,8,1.0,0.9950575515667149,0.9235353113711788,0.7519761724530897,0.42360968181535213,0.7241057908451979
camera0_8_image000251.jpg,0.7894736842105263,8,8,1.0,1.0,1.0,0.7786064264545098,0.4084708666593075,0.7499905137064206
camera0_8_image000261.jpg,0.717948717948718,8,8,1.0,1.0,1.0,0.6077091070985826,0.3039346375598894,0.6459118763478127
camera0_8_image000271.jpg,0.9666666666666667,8,8,1.0,1.0,1.0,0.5810716830714955,0.2907164478530767,0.6304660296418607
camera0_8_image000281.jpg,0.894927536231884,8,8,1.0,0.647699373452569,0.5276664733648851,0.32516875981128995,0.21545273944156937,0.3717783384726643
camera0_8_image000291.jpg,0.8404669260700389,8,8,1.0,1.0,0.9809073463244472,0.603312538980787,0.30246606404902093,0.6392033449258686
camera0_8_image000301.jpg,0.9065354884047786,8,8,0.201143040872117,0.20082372672193358,0.16914320509215816,0.06267738652222353,0.03137160988394834,0.08804532936530568
camera0_8_image000321.jpg,0.8394403730846103,8,8,1.0,1.0,1.0,0.6013767961530235,0.3019738892885844,0.6425384147383907
camera0_8_image000331.jpg,0.9347826086956522,8,8,1.0,1.0,1.0,0.5304596785128902,0.265321377607691,0.6010476764977003
camera0_8_image000341.jpg,0.8228980322003577,8,8,0.0,0.379882969774422,0.44389483554408654,0.30557224173080993,0.20114473868112462,0.307843197056984
camera0_8_image000351.jpg,0.8047619047619048,8,8,0.7427641328829265,0.6263299478832557,0.5370441743193319,0.31609305941915544,0.2021054190964917,0.3602457586333309
camera0_8_image000361.jpg,0.9642857142857143,8,8,1.0,0.8254888229128291,0.7449952572373282,0.3484078967481697,0.17421744673138007,0.4294028738676743
camera0_8_image000371.jpg,0.9114583333333334,8,8,nan,nan,nan,nan,nan,0.0
camera0_8_image000381.jpg,0.8127208480565371,8,8,0.4275034513128808,0.4132996508274154,0.4185943798101416,0.31933150991961956,0.21583555645364855,0.3222124821697112
camera0_8_image000391.jpg,0.8598524762908325,8,8,1.0,0.9628777849854376,0.9221580964196197,0.40995652985151415,0.20503853389037047,0.5116718625500335
camera0_8_image000401.jpg,0.6882516188714154,8,8,0.967119438104168,0.7528107686285426,0.7021386079789869,0.40110203330201283,0.20060214665205328,0.4463096078732918
camera0_8_image000411.jpg,0.8559670781893004,8,8,0.8950957865024294,0.8953966296072017,0.8720829089115744,0.4115363011474611,0.2057801516390987,0.4960098909026354
camera0_8_image000421.jpg,0.8666666666666667,8,8,1.0,1.0,0.9949340655770974,0.4654317723519405,0.23275377790592505,0.5621140472623247
camera0_8_image000431.jpg,0.8287292817679558,4,8,0.4780218292167719,0.3478466169142235,0.28722994733937796,0.19320398637531583,0.12456596819535548,0.21002379637835006
camera0_8_image000441.jpg,0.7722165474974464,8,8,0.20998770696337052,0.5218101212426973,0.6766950093711271,0.37464118875851293,0.18738435226075764,0.3993658683941542
camera0_8_image000451.jpg,0.7144308943089431,8,8,0.0,0.1611972044060091,0.424369519979023,0.3486551887798268,0.17432862562933288,0.30627677530485437
camera0_8_image000461.jpg,0.9565217391304348,8,8,0.0,0.28365804265519245,0.3447907542978405,0.32124885131363495,0.1980032785339652,0.2872781155162877
camera0_8_image000471.jpg,0.897196261682243,8,8,0.029120479139856475,0.28760043899059934,0.3765917667274006,0.3772233835924339,0.18865911141896502,0.3183564417397735
camera0_8_image000481.jpg,nan,-1,8,nan,nan,nan,nan,nan,0.0
camera0_8_image000491.jpg,nan,-1,8,nan,nan,nan,nan,nan,0.0
camera0_8_image000500.jpg,nan,-1,8,nan,nan,nan,nan,nan,0.0
camera0_9_image000004.jpg,0.8812330088573183,9,9,1.0,1.0,1.0,0.6937867832563931,0.3948699815089022,0.7080015634773763
camera0_9_image000008.jpg,0.9254254063725303,9,9,0.9107236171345392,0.8989640111586543,0.9151790851710387,0.6294194626488914,0.34297488785033736,0.6399652799625247
camera0_9_image000010.jpg,0.9231119371846906,9,9,1.0,1.0,0.9919845962732061,0.6334903253589363,0.350158716513863,0.6674816764661197
camera0_9_image000017.jpg,0.9300755321583887,9,9,1.0,1.0,1.0,0.7625899650573776,0.4291310557683441,0.7479275234524303
camera0_9_image000018.jpg,0.8725241755727132,9,9,1.0,1.0,1.0,0.7127822092926793,0.411590681474648,0.7208582470205736
camera0_9_image000035.jpg,0.5065100947672023,9,9,0.82935271754613,0.8769638457093412,0.8761556969077987,0.8018201830853539,0.6344238432219736,0.7804146488949499
camera0_9_image000046.jpg,0.5131155654540955,9,9,1.0,0.9953337155388464,0.9117950237332494,0.8294536592633585,0.6250306075605017,0.8075310061594605
camera0_9_image000053.jpg,0.7191547515395357,9,9,1.0,1.0,1.0,0.8889136993466996,0.5949062961001489,0.8472098371020728
camera0_9_image000054.jpg,0.7957203525672739,9,9,1.0,1.0,0.9997132689544812,0.874678007300259,0.5905828751485395,0.8395821288757673
camera0_9_image000061.jpg,0.7974719412038165,9,9,1.0,1.0,0.9441361207000284,0.6097474780183226,0.34416426853091964,0.6443010700994762
camera0_9_image000074.jpg,0.7920170051960321,9,9,1.0,1.0,1.0,0.8579913001030359,0.5774622027606424,0.8287491270065928
camera0_9_image000077.jpg,nan,-1,9,nan,nan,nan,nan,nan,0.0
camera0_9_image000093.jpg,nan,-1,9,nan,nan,nan,nan,nan,0.0
camera0_9_image000105.jpg,nan,-1,9,nan,nan,nan,nan,nan,0.0
camera0_9_image000107.jpg,nan,-1,9,nan,nan,nan,nan,nan,0.0
camera0_9_image000114.jpg,0.8489042838466878,9,9,1.0,1.0,1.0,0.7527094068274757,0.4250008406834664,0.7423933770133642
camera0_9_image000116.jpg,0.9371817718940937,9,9,1.0,1.0,1.0,0.658983403468673,0.3557190620463783,0.6822952495681793
camera0_9_image000125.jpg,nan,-1,9,nan,nan,nan,nan,nan,0.0
camera0_9_image000127.jpg,0.8938350102057405,9,9,1.0,1.0,1.0,0.7499989380271589,0.4220257399061469,0.7404100576654123
camera0_9_image000139.jpg,0.5707346035515733,9,9,0.1681217225809144,0.3973871092803489,0.47705075399016184,0.7323051149536003,0.5469540345791495,0.6008657418090182
camera0_9_image000141.jpg,0.5557849108582545,9,9,1.0,1.0,1.0,0.9082417212683712,0.6176791671248946,0.8617460266181723
camera0_9_image000179.jpg,0.6921597871064906,9,9,1.0,1.0,1.0,0.5065780848760402,0.30740840520058976,0.6008204439337025
camera0_9_image000197.jpg,0.5544730135174372,9,9,0.6422532663551959,0.621802330789756,0.6259382245620893,0.4442369074483045,0.2793844082779893,0.45597472844479536
camera0_9_image000198.jpg,nan,-1,9,nan,nan,nan,nan,nan,0.0
camera0_9_image000209.jpg,nan,-1,9,nan,nan,nan,nan,nan,0.0
camera0_9_image000219.jpg,nan,-1,9,nan,nan,nan,nan,nan,0.0
camera0_9_image000222.jpg,0.8094516813086944,9,9,1.0,1.0,0.9885669983093953,0.7687689029042217,0.4608678993270153,0.7561520765235026
camera0_9_image000228.jpg,0.8615432901403398,9,9,1.0,0.9970587767058299,0.9796294937771727,0.6382344878074973,0.33357129149710124,0.6625077004437124
camera0_9_image000248.jpg,0.6650416171224732,9,9,1.0,1.0,1.0,0.9870959092382577,0.6270031603502328,0.8999433830755295
camera0_9_image000249.jpg,0.6315408275709861,9,9,1.0,1.0,0.9998229997733735,0.8653469115785559,0.5640824982802198,0.8286736461913273
camera0_9_image000263.jpg,0.6397422336495745,9,9,0.9985461890105382,0.904875920431696,0.8633355069268396,0.7952356023117454,0.5284182035045338,0.7524256577521161
camera0_9_image000276.jpg,0.9402107914424072,9,9,1.0,0.981280429483094,0.9574794289482278,0.6216470842628218,0.37375189996839736,0.6593632866166259
camera0_9_image000292.jpg,0.8162082057827729,9,9,1.0,1.0,0.999464633795873,0.6506278037910219,0.3831245076313968,0.6852961426443238
camera0_9_image000295.jpg,0.6813414308703775,9,9,1.0,1.0,1.0,0.7098304690745525,0.4086249288972455,0.7187676195028889
camera0_9_image000298.jpg,nan,-1,9,nan,nan,nan,nan,nan,0.0
camera0_9_image000305.jpg,nan,-1,9,nan,nan,nan,nan,nan,0.0
camera0_9_image000313.jpg,nan,-1,9,nan,nan,nan,nan,nan,0.0
camera0_9_image000322.jpg,nan,-1,9,nan,nan,nan,nan,nan,0.0
camera0_9_image000353.jpg,0.9536539562348735,9,8,1.0,1.0,0.9985625607898385,0.7888255555416971,0.5107634665416365,0.7801403462695823
camera0_9_image000361.jpg,0.6641357093492462,9,9,1.0,0.9765260203606236,0.9530307779869213,0.741852719337512,0.4896750997390428,0.742048580403966
camera0_9_image000381.jpg,0.9143621256872381,9,9,1.0,1.0,1.0,0.7533921871875134,0.43377746202253165,0.7449200502424383
camera0_9_image000383.jpg,0.89345448923371,9,9,1.0,1.0,1.0,0.5957133285216023,0.3619452646181697,0.655108397968953
camera0_9_image000393.jpg,0.9205007118302719,9,9,0.9877643301687757,0.9120860735644699,0.8599769195684673,0.28489812921428953,0.162423340122607,0.4273777373674383
camera0_9_image000396.jpg,0.9340283771187904,9,9,0.912442152344439,0.7917469938011166,0.7562577052059741,0.3056682853177537,0.17026821178789234,0.40823557856489445
camera0_9_image000416.jpg,0.5991503879020486,9,9,0.5309084068120057,0.5629956385757626,0.6714659966949846,0.4560221929117462,0.260526424145832,0.4619943575507725
camera0_9_image000429.jpg,nan,-1,9,nan,nan,nan,nan,nan,0.0
camera0_9_image000443.jpg,0.8587235295485011,9,9,1.0,1.0,0.9999220291380149,0.5459411934898608,0.3224668550383817,0.6224976842283698
camera0_9_image000475.jpg,0.8209139332772638,9,9,1.0,1.0,1.0,0.7685978566910134,0.469585777816217,0.7608742221868792
camera0_9_image000495.jpg,0.794387347916022,9,9,1.0,0.9898335283899683,0.8704544625964001,0.2854128557742303,0.16608771020440022,0.4346994702133761
camera0_9_image000496.jpg,0.8528610354223434,9,9,1.0,1.0,0.884907625356947,0.2908099277846179,0.1670140389961597,0.4411335282398294
