image_id,top1,top5,top10,top50,top100,AUC
camera0_10_image000071,0.0,0.0,0.0,0.00022504383666401684,0.015869497455520094,0.004109741505433121
camera0_10_image000091,0.0,0.0,0.0,0.00022670409468546592,0.017238985246640352,0.0044563264184530335
camera0_10_image000211,0.0,0.0,0.0,0.00022018515405694837,0.01401818206248665,0.0036400291262093467
camera0_10_image000241,0.0,0.0,0.0,0.00023994745378781257,0.015919186011097142,0.0041290634918977375
camera0_10_image000271,0.0,0.0,0.0,0.0002617846854579478,0.007096719916059744,0.0019110940277484783
camera0_10_image000301,0.0,0.0,0.0,6.017435217634968e-05,0.002073427798626553,0.0005509448567030203
camera0_10_image000321,0.0,0.0,0.0,6.09801061823729e-05,0.0005216034606375212,0.0001594362756984308
camera0_10_image000331,0.0,0.0,0.0,2.9801529641534116e-05,0.00027784452163733914,8.370890782628719e-05
camera0_10_image000341,0.0,0.0,0.0,5.497636724520197e-05,0.0006171884171333494,0.0001808449187309863
camera0_10_image000351,0.0,0.0,0.0,5.8487149342777014e-05,0.0006467380833395024,0.00018990276569608421
camera0_10_image000361,0.0,0.0,0.0,2.7323448736186294e-05,0.0003510776758689779,0.0001010757281803306
camera0_10_image000371,0.0,0.0,0.0,2.8210604220502874e-05,0.0003256864970541629,9.506706683107684e-05
camera0_10_image000381,0.0,0.0,0.0,2.6789545671792454e-05,0.0003136164993781226,9.13731519159963e-05
camera0_10_image000391,0.0,0.0,0.0,0.00030927761668876646,0.0016061614480298427,0.000546177060118586
camera0_10_image000401,0.0,0.0,0.0,3.451851400251051e-05,0.00021544953648514214,7.00966822448632e-05
camera0_10_image000411,0.0,0.0,0.0,3.7737351298779815e-05,0.000254528473976331,8.142820866518472e-05
camera0_10_image000421,0.0,0.0,0.0,7.18820693601092e-05,0.00029235259930239445,0.00010650008185620877
camera0_10_image000431,0.0,0.0,0.0,7.279993882687662e-05,0.000952095587493928,0.000273519059945024
camera0_10_image000441,0.0,0.0,0.0,8.451049886316885e-05,0.0007928775165112428,0.00023863545819821646
camera0_10_image000451,0.0,0.0,0.0,9.391190325005799e-05,0.0010452799874195032,0.0003066468215327261
camera0_10_image000461,0.0,0.0,0.0,0.00010445816530829834,0.0005319912435701929,0.00018182220735482894
camera0_10_image000471,0.0,0.0,0.0,4.671471032051173e-05,0.0001735438154058023,6.505815504614163e-05
camera0_10_image000481,0.0,0.0,0.0,0.00018290563290225063,0.00043313449151747684,0.00019251632089432332
camera0_10_image000491,0.0,0.0,0.0,0.0001757724125656219,0.00043183902609680424,0.0001889468102815445
camera0_10_image000500,0.0,0.0,0.0,0.0002473603047217923,0.0004637473345269839,0.00022954441490560627
camera0_11_image000008,0.0,0.23268715167951812,0.2279364033851429,0.23971432142390778,0.24891181251048605,0.2341979902581951
camera0_11_image000011,0.0,0.37454622366578477,0.21587893754119927,0.21756674523915603,0.24130256542753983,0.22591718962245766
camera0_11_image000021,0.0,0.29467019421904317,0.2754739638090317,0.23998252435003567,0.24354089435045168,0.2465850102444602
camera0_11_image000028,0.0,0.26054075489034506,0.25435000797180846,0.23753648548910616,0.2441416129551876,0.23927263381072195
camera0_11_image000029,0.0,0.27884046075827423,0.26706885121874363,0.2417703032861174,0.24480163443423514,0.24508621954105944
camera0_11_image000039,0.0,0.040394035945013756,0.14745322830198968,0.1850056274472326,0.2200912050241575,0.17502024403309654
camera0_11_image000041,0.0,0.2623184395245172,0.2533127236822765,0.23431430686698243,0.23988796403289325,0.23657891081361468
camera0_11_image000048,0.0,0.2988623672293349,0.26247224180156276,0.23190931685897265,0.22989307123169594,0.23670456699508183
camera0_11_image000063,0.0,0.24173402924813334,0.22247019847252206,0.18329177332048466,0.20744422717726718,0.1972486674353701
camera0_11_image000072,0.0,0.1637174648882989,0.15171944720247643,0.1484841117995678,0.1895170572577358,0.15727401632804905
camera0_11_image000108,0.0,0.019071155771939474,0.051061355242144835,0.09359334935373015,0.1400058345796808,0.09036916443769467
camera0_11_image000153,0.0,0.006807185137496025,0.057248300174642684,0.07784928366493521,0.10780584731842731,0.07593013166596851
camera0_11_image000154,0.0,0.0016790267276867675,0.04253977756195727,0.07287934227762449,0.10443999001949401,0.0692451592767577
camera0_11_image000167,0.0,0.0,0.0005355724325242133,0.035959851479863025,0.08331805436195558,0.037507020761358416
camera0_11_image000173,0.0,0.0,0.0005697056174011982,0.026830973793495527,0.07986447302182013,0.03249317194590199
camera0_11_image000182,0.0,0.0,0.0005193607555354665,0.029818776355309228,0.08196119738585991,0.03436929785489825
camera0_11_image000191,0.0,0.0,0.0006969326096434962,0.02647594831427185,0.08080882425463513,0.03259918448712179
camera0_11_image000192,0.0,0.0,0.00029689884938851306,0.023121788572527235,0.07700787172452224,0.030023813161494883
camera0_11_image000208,0.0,0.0,0.0,0.003694710030851583,0.0575919698285243,0.01622284037476174
camera0_11_image000209,0.0,0.0,0.0,0.0034044363949558036,0.05713321877269582,0.01597505158677162
camera0_11_image000235,0.0,0.0,0.0,0.04988356007812053,0.06256196747081713,0.03847282212409913
camera0_11_image000236,0.0,0.0,0.0,0.05413187885658483,0.0645585062414909,0.040908052571551
camera0_11_image000244,0.0,0.0,0.0,0.06907424206140714,0.07130857934845528,0.049404599762370244
camera0_11_image000245,0.0,0.0,0.0,0.07575178317898994,0.07452582173043139,0.053252280669851305
camera0_11_image000252,0.0,0.0,0.0,0.08838172113714646,0.07634897693084437,0.059453554287299405
camera0_11_image000256,0.0,0.0,0.0,0.0874130061907118,0.076354738415698,0.059014684232064865
camera0_11_image000262,0.0,0.0,0.0,0.06222119968544027,0.06367503647368167,0.044361918158452626
camera0_11_image000263,0.0,0.0,0.0,0.06235079376292724,0.06214405086021052,0.04403421202865601
camera0_11_image000270,0.0,0.0,0.0,0.043824167284648746,0.052154699718365054,0.03309045475523523
camera0_11_image000271,0.0,0.0,0.0,0.043064768791299085,0.05214936304691674,0.03274392597758934
camera0_11_image000274,0.0,0.0,0.0,0.03301223292598054,0.0463085393525753,0.026699636014984648
camera0_11_image000279,0.0,0.0,0.0,0.017016133686995772,0.03998555796586532,0.017831969344054798
camera0_11_image000283,0.0,0.0,0.0,0.009067572227437789,0.03605331611765887,0.01322599649672888
camera0_11_image000319,0.0,0.0,0.0,0.0002014308403088815,0.01791487213983807,0.004615517083937846
camera0_11_image000332,0.0,0.0,0.0,0.0010693220975928942,0.01084584278831752,0.0032249046878748996
camera0_11_image000380,0.0,0.0,0.0,0.020846073969693308,0.05462035700526884,0.02326850761381714
camera0_11_image000391,0.0,0.0,0.0,0.021989295010167043,0.05756284903269876,0.024531207083585468
camera0_11_image000394,0.0,0.0,0.0,0.02300167618611398,0.05852314420486621,0.02523387912622989
camera0_11_image000410,0.0,0.0,0.0,0.017429784951364675,0.051833673634384014,0.021011941047181716
camera0_11_image000453,0.0,0.0,0.0,0.0008302881619090163,0.00045957836613183404,0.0004934588529212231
camera0_11_image000456,0.0,0.0,0.0,0.0008828950841096209,0.0004865835734418229,0.0005241905870805858
camera0_11_image000463,0.0,0.0,0.0,0.0007826913993679707,0.00048315848710059133,0.0004777785368593232
camera0_11_image000466,0.0,0.0,0.0,0.0004062510833050364,0.0004333073968972578,0.000294080643143008
camera0_11_image000474,0.0,0.0,0.0,0.00011206154563447342,0.00038258569867862365,0.00014754961636885604
camera0_11_image000477,0.0,0.0,0.0,0.00047408261920615816,0.0004264976517495437,0.0003231935268486403
camera0_11_image000490,0.0,0.0,0.0,0.0005366403999870383,0.00032909103357794966,0.0003270312508976277
camera0_12_image000001,0.0,0.0,0.0,0.006967864891317808,0.008130531760597946,0.005220375900244897
camera0_12_image000011,0.0,0.0,0.0,0.004888695958594208,0.0035252610253047514,0.0031123519572662127
camera0_12_image000031,0.0,0.0,0.0,0.0,0.00010736787769366406,2.7113100427692674e-05
camera0_12_image000041,0.0,0.0,0.0,0.0,1.5762242291921114e-05,3.980364215131555e-06
camera0_12_image000051,0.0,0.0,0.0,0.0,0.007895048341936583,0.001993699076246592
camera0_12_image000071,0.0,0.0,0.0,0.0013992434474427186,0.021274860022569658,0.006008459148476341
camera0_12_image000081,0.0024996852327926096,0.004028726553033334,0.007168441793529498,0.029380137120738403,0.029652981870481567,0.022705548459635287
camera0_12_image000091,0.0,0.0,9.531621663068547e-05,0.010996025794768792,0.012258421316415167,0.008115417258072294
camera0_12_image000101,0.0,0.0,0.009350228374460102,0.06674015236767801,0.039404406904488376,0.04241209260184879
camera0_12_image000111,0.0,0.05426057234781461,0.25762622086350545,0.1961996252047762,0.1092593660316835,0.1777902003030392
camera0_12_image000121,0.0,0.21136376793701378,0.4175766069357801,0.272655832439028,0.17523377896649245,0.2726966418756557
camera0_12_image000131,0.0,0.053115822461596934,0.24352314488108473,0.16482929850956557,0.14396802382107457,0.16903849484200748
camera0_12_image000141,0.0,0.0,0.0,0.030979163702223783,0.07283582007823998,0.03247432190460644
camera0_12_image000151,0.0,0.0,0.0,0.07895305743241629,0.07388443613899622,0.054545439272056406
camera0_12_image000161,0.0,0.0,0.028024494822549255,0.1262270631084053,0.09487838426868923,0.08770432909194689
camera0_12_image000171,0.0,0.0,0.012126521253848119,0.15598189618236397,0.1185983528881052,0.10360596847091402
camera0_12_image000181,0.0,0.0,0.020064817213902034,0.13441084974393241,0.11462969877579117,0.09460292015337818
camera0_12_image000191,0.0,0.013886538366035503,0.03160480423693225,0.06438928056797891,0.08023795585123268,0.05734408121028229
camera0_12_image000201,0.0,0.0,0.0013950335796724667,0.028397287851230243,0.059571169767370404,0.02826813588921438
camera0_12_image000211,0.0,0.0,0.007909559754963548,0.0641373993445956,0.0845471887099909,0.05230129073477983
camera0_12_image000221,0.0,0.024967072853650036,0.09809793310126608,0.0998529600429121,0.10656520574972883,0.09572796634640487
camera0_12_image000231,0.0,0.13458650878314815,0.19388761068727867,0.14225275906561843,0.1392751310550532,0.15001376731633279
camera0_12_image000241,0.0,0.003962960100289632,0.029369354209601673,0.11627328188288401,0.13673929121578324,0.09423660358880413
camera0_12_image000251,0.0,0.0,0.02307587363155868,0.09078760334786708,0.10370457871215003,0.0726996340926037
camera0_12_image000261,0.0,0.0,0.0009557108747277208,0.029169106624788756,0.06491305998778962,0.029868078712036145
camera0_12_image000271,0.0,0.0,0.0,0.002039000322041127,0.05412501667417237,0.014594751831779247
camera0_12_image000281,0.0,0.0,0.0,0.0022936847893948397,0.06734303800677201,0.01804840167365707
camera0_12_image000291,0.0,0.0,0.0,0.011997025049248334,0.08430595675564724,0.026742576223306357
camera0_12_image000301,0.0,0.0,0.0,0.00829608262959123,0.07505080704349956,0.022723170650697695
camera0_12_image000331,0.0009101881108433944,0.0007662980827102018,0.00036466138557921435,0.00010426846217511144,0.08706371120555623,0.022169277370769482
camera0_12_image000341,0.0,0.0006569500607759393,0.00036900537621737073,0.00039483581550856927,0.1080819539646225,0.027586619768200035
camera0_12_image000351,0.002088940229006821,0.0007515041989615011,0.0003716994645781853,0.0015300930776494094,0.11192628353869816,0.029120547113818163
camera0_12_image000361,0.0,0.0,0.0,0.00022483450329677961,0.0949945067963006,0.024090709318745924
camera0_12_image000371,0.0,0.0,0.0,0.0,0.08767362164769489,0.022139803446387375
camera0_12_image000381,0.0,0.0,0.0,4.827228133534483e-06,0.08924751153043226,0.022539444581078715
camera0_12_image000391,0.0,0.0,0.0,0.00085883372223032,0.10058798331755449,0.025791384852921224
camera0_12_image000401,0.0,0.0,0.0,0.0008173519397625803,0.10527025827196838,0.026954922162510088
camera0_12_image000411,0.0,0.03057854894924005,0.024847694254031577,0.01819592957156594,0.10889362272373623,0.042806403937385065
camera0_12_image000421,0.0020877286104565946,0.0008808114674138499,0.0004759869279363742,0.0018055184914356258,0.0990105025327686,0.026013734445824603
camera0_12_image000431,0.0,0.0,0.0,0.008626126444805433,0.10450394011961574,0.03031085043441018
camera0_12_image000441,0.0,0.0,0.0,0.005279996910981602,0.11214044991740373,0.030718294029588228
camera0_12_image000451,0.0,0.0010991122732465185,0.0007055879168006817,0.003675464265095724,0.11670587288046627,0.03135216613432887
camera0_12_image000461,0.0,0.0007013665663044554,0.0009490360272040499,0.02578648228099989,0.1304677127562914,0.04491509072437067
camera0_12_image000471,0.0,0.0,0.0003729872377674416,0.017174291042993502,0.11605585160766234,0.03719829898965653
camera0_12_image000481,0.0,0.017494482988355445,0.021030515115613106,0.043620402962235114,0.1182673974434132,0.0552678265953005
camera0_12_image000491,0.054184517305509466,0.24626972957966048,0.24219248181335484,0.13404757703021195,0.14327998884065427,0.16444499339288593
camera0_12_image000500,0.002174528808598402,0.06573773451781864,0.16517722518290212,0.15423365793633972,0.14656754770510022,0.14769050231641742
camera0_13_image000012,0.018046835310957677,0.003636681681958507,0.0018649583196413617,0.0004620048226848543,0.0016926947293274494,0.0015911907640066905
camera0_13_image000034,0.0,0.0,0.0,0.030218703862867465,0.026013740928394414,0.020304900980190665
camera0_13_image000046,0.0,0.0,0.0,0.030051557281651976,0.022838404322045727,0.019427072583085483
camera0_13_image000048,0.0,0.0,0.0,0.01442307784898829,0.016022659091932998,0.010602070510129166
camera0_13_image000057,0.0,0.0,0.0,0.0037527044179500543,0.016497311472661622,0.005871762481053406
camera0_13_image000083,0.0,0.0,0.0,7.379730889059707e-05,0.018217053876619305,0.004633810361773282
camera0_13_image000093,0.0,0.0,0.0,5.4319890103403465e-05,0.012275968617798304,0.0031246829343394714
camera0_13_image000103,0.17754768879282357,0.04885622973768365,0.025382703464805603,0.007177607740259907,0.04096494218372907,0.02518358729563886
camera0_13_image000108,0.0,0.0,0.0,0.0,0.00921697061134497,0.0023275178311476965
camera0_13_image000118,0.4775109951969383,0.523481823207855,0.34944489710749577,0.22577110444087184,0.25116591999664545,0.2789095765606361
camera0_13_image000127,0.30880655756245884,0.06867493210888435,0.035858988684471856,0.03182445107109673,0.0714860970580737,0.05002757858249151
camera0_13_image000133,0.0,0.0,0.0,9.772506070270739e-05,0.05546434428884503,0.014050568029825591
camera0_13_image000155,0.0,0.0,0.0,0.0013591121626966261,0.024263640690576325,0.006744960248340905
camera0_13_image000165,0.0,0.0,0.0,0.0,0.019802357158315805,0.005000595241998891
camera0_13_image000169,0.0,0.0,0.0,0.0,0.012526167830961922,0.0031631736946873225
camera0_13_image000175,0.1775126408485975,0.041116701073222885,0.02102938462660106,0.013807893332256795,0.0575296977149448,0.03103847710555926
camera0_13_image000177,0.33266887082663527,0.07294535912701078,0.03683078611496141,0.019732997162696178,0.04036289361807981,0.03756910866752259
camera0_13_image000182,0.3563397268048551,0.07884320850079483,0.0431000263943291,0.021830657697431973,0.04793043726055166,0.04260469710741293
camera0_13_image000185,0.0,0.0,0.0,6.832401003603792e-05,0.037157734567715796,0.00941432267317684
camera0_13_image000199,0.0,0.0,0.0,0.001428946911468545,0.024616550010337187,0.006865821831055629
camera0_13_image000228,0.0,0.0,0.0,0.03165588885568627,0.06987007861364539,0.032032999634818024
camera0_13_image000239,0.0,0.0,0.0,0.0431751663142118,0.08050823177626358,0.03995543715703112
camera0_13_image000241,0.029343065693430658,0.0075858375010000615,0.00398306877171336,0.021805312197642757,0.06580330937295595,0.028371345764875825
camera0_13_image000251,0.0,0.0,0.0,0.004751682811941697,0.023448422120106525,0.008081174540808398
camera0_13_image000257,0.0,0.0,0.0,0.01568029463375397,0.03908968693557408,0.016998539716245088
camera0_13_image000271,0.0,0.0,0.0,5.5716888794808015e-05,0.007811115618368356,0.001997829802575488
camera0_13_image000274,0.0,0.0,0.0,5.51550257642338e-05,0.0005412090495966716,0.00016173941817481971
camera0_13_image000275,0.0,0.0,0.0,5.466132017666056e-05,0.029019507839652577,0.007353004599992494
camera0_13_image000278,0.0,0.0,0.0,5.5436330680150914e-05,0.028768049131817117,0.007289857203798257
camera0_13_image000280,0.0,0.0,0.0,5.8666187559468266e-05,0.03213865482767329,0.008142488375070709
camera0_13_image000283,0.0,0.0,0.0,6.040888523165567e-05,0.01821169338462294,0.004626371055060539
camera0_13_image000287,0.0,0.0,0.0,6.181696491926395e-05,0.03842238765609201,0.009730721765895529
camera0_13_image000294,0.3378218094133039,0.0712892768729423,0.037787573550686425,0.03466709101508737,0.061421483174839746,0.04992143378479968
camera0_13_image000297,0.0,0.0,0.0,0.004779198845612192,0.027992417885536355,0.009241155506979277
camera0_13_image000299,0.0,0.0,0.0,0.007486244013971244,0.03971352562558085,0.013431506275436505
camera0_13_image000308,0.0,0.0,0.0,0.006781009606155049,0.038043058980650385,0.012689110169628526
camera0_13_image000315,0.0,0.0,0.0,0.006858701497541605,0.019632446464492956,0.008075280090926142
camera0_13_image000319,0.0,0.0,0.0,0.0006975801066539835,0.03753915051362994,0.009796665329698665
camera0_13_image000320,0.0,0.0,0.0,5.3154827083506344e-05,0.02198078912041921,0.005574865608376086
camera0_13_image000336,0.014887199708670593,0.003762548635350011,0.001971527614499405,0.0007783794724101639,0.003229889283077516,0.0020892883630105664
camera0_13_image000367,0.0,0.0,0.0,0.023437555213710017,0.04881679596724268,0.022980907917151464
camera0_13_image000379,0.0,0.0,0.0,9.812629235121397e-05,0.013771760507346263,0.003522320159994522
camera0_13_image000387,0.0,0.0,0.0,6.444220215970567e-05,0.017948753806163315,0.004561805497487526
camera0_13_image000394,0.01261546292146974,0.0027603808159870373,0.0014806731132880285,0.0005898548471499231,0.0019747966267096733,0.0014836481651853406
camera0_13_image000421,0.030107751831619803,0.006409593127255647,0.003458553781239502,0.0012164757748267983,0.004447357914990278,0.0033616312177347308
camera0_13_image000430,0.0,0.0,0.0,0.012771496819385032,0.058951819974708886,0.020692049052929574
camera0_13_image000434,0.0,0.0,0.0,9.382629090388005e-05,0.022284335426515298,0.005670005744985367
camera0_13_image000447,0.027848300364565176,0.006096091927319039,0.003472786840543918,0.0012320243597276268,0.00635063202319574,0.0037926627786054254
camera0_13_image000457,0.3445851749758408,0.12940889804211758,0.16604580985585324,0.30302863960163684,0.25672062417989,0.2531499545400865
camera0_13_image000474,0.0,0.0,0.0,0.027525900028019724,0.044215540869012804,0.023677313363496807
camera0_14_image000001,0.0,0.0,0.0,0.0,4.830215681652473e-05,1.2197514347607132e-05
camera0_14_image000011,0.0,0.0,0.0,0.0,4.641926734469217e-05,1.1722037208255481e-05
camera0_14_image000021,0.0,0.0,0.0,0.0,3.358949924755141e-05,8.482196779684615e-06
camera0_14_image000031,0.0,0.0,0.0,0.0,5.0149352815274734e-05,1.2663977983655108e-05
camera0_14_image000041,0.0,0.0,0.0,0.0,4.671022312781418e-05,1.1795510890862047e-05
camera0_14_image000051,0.0,0.0,0.0,0.0,4.924250826386625e-05,1.2434976834309533e-05
camera0_14_image000061,0.0,0.0,0.0,0.0,4.8068434890536534e-05,1.2138493659226275e-05
camera0_14_image000071,0.0,0.0,0.0,0.0,5.0022166814387075e-05,1.2631860306663277e-05
camera0_14_image000081,0.0,0.0,0.0,0.0,4.704694117706493e-05,1.1880540701278903e-05
camera0_14_image000091,0.0,0.0,0.0,0.0,9.4200931897627e-06,2.3788114115562135e-06
camera0_14_image000101,0.0,0.0,0.0,0.0,9.20980301028889e-06,2.3257078308810094e-06
camera0_14_image000111,0.0,0.0,0.0,0.0,8.707157275783857e-06,2.198777089844386e-06
camera0_14_image000121,0.0,0.0,0.0,0.0,9.133577505209781e-06,2.3064589659620426e-06
camera0_14_image000131,0.0,0.0,0.0,0.0,8.995167705551475e-06,2.27150699635136e-06
camera0_14_image000141,0.0,0.0,0.0,0.0,3.2052476884691085e-06,8.094059819366355e-07
camera0_14_image000151,0.0,0.0,0.0,0.0,9.34923277648269e-06,2.3609173677986353e-06
camera0_14_image000161,0.0,0.0,0.0,0.0,4.592658285398156e-06,1.1597621932823509e-06
camera0_14_image000171,0.0,0.0,0.0,0.0,4.51268453484308e-06,1.139566801728039e-06
camera0_14_image000181,0.0,0.0,0.0,0.0,3.3348254384338435e-06,8.421276359681338e-07
camera0_14_image000191,0.0,0.0,0.0,0.0,9.552948813535412e-06,2.412360811498817e-06
camera0_14_image000201,0.0,0.0,0.0,0.0,4.762735091986188e-06,1.202710881814682e-06
camera0_14_image000211,0.0,0.0,0.0,0.0,5.6566652009096657e-05,1.4284508083105073e-05
camera0_14_image000221,0.0,0.0,0.0,0.0,7.3073639231409406e-06,1.8452939199850673e-06
camera0_14_image000231,0.0,0.0,0.0,0.0,1.0207159192640502e-05,2.5775654526869697e-06
camera0_14_image000241,0.0,0.0,0.0,0.0,1.075121464582231e-05,2.714953193389445e-06
camera0_14_image000251,0.0,0.0,0.0,0.0,1.1206060028601899e-05,2.8298131385358047e-06
camera0_14_image000261,0.0,0.0,0.0,0.0,1.0938951693456473e-05,2.7623615387516067e-06
camera0_14_image000271,0.0,0.0,0.0,0.0,6.906490584314851e-05,1.7440632788673693e-05
camera0_14_image000281,0.0,0.0,0.0,0.0,1.1984331706749518e-05,3.0263463905932823e-06
camera0_14_image000291,0.0,0.0,0.0,0.0,1.1489170950724737e-05,2.901305795637531e-06
camera0_14_image000301,0.0,0.0,0.0,0.0,1.2143979546120964e-05,3.0666615015456673e-06
camera0_14_image000321,0.0,0.0,0.0,0.0,1.3207724103571002e-05,3.3352838645380984e-06
camera0_14_image000331,0.0,0.0,0.0,0.0,1.2562818297259691e-05,3.1724288629443344e-06
camera0_14_image000341,0.0,0.0,0.0,0.0,9.652269458750484e-06,2.4374417825127238e-06
camera0_14_image000351,0.0,0.0,0.0,0.0,1.4346770140176107e-05,3.6229217525696875e-06
camera0_14_image000361,0.0,0.0,0.0,0.0,1.347846468858056e-05,3.403652699136471e-06
camera0_14_image000371,0.0,0.0,0.0,0.0,1.4425903589651292e-05,3.6429049468816027e-06
camera0_14_image000381,0.0,0.0,0.0,0.0,5.456055715361277e-06,1.3777918473134398e-06
camera0_14_image000391,0.0,0.0,0.0,0.0,7.83801970985009e-06,1.979297906527781e-06
camera0_14_image000401,0.0,0.0,0.0,0.0,1.2316575019881439e-05,3.1102462171417464e-06
camera0_14_image000411,0.0,0.0,0.0,0.0,1.2742218208751562e-05,3.2177318708968265e-06
camera0_14_image000421,0.0,0.0,0.0,0.0,1.7351440428662426e-05,4.381676875924811e-06
camera0_14_image000431,0.0,0.0,0.0,0.0,1.3572666018483479e-05,3.42744091375842e-06
camera0_14_image000441,0.0,0.0,0.0,0.0,1.791949950925667e-05,4.525126138701134e-06
camera0_14_image000451,0.0,0.0,0.0,0.0,1.837680494989099e-05,4.640607310578487e-06
camera0_14_image000461,0.0,0.0,0.0,0.0,1.907342177165298e-05,4.81652064940727e-06
camera0_14_image000471,0.0,0.0,0.0,0.0,1.909060962903689e-05,4.82086101743351e-06
camera0_14_image000481,0.0,0.0,0.0,0.0,1.9811543943474176e-05,5.002915137240904e-06
camera0_14_image000491,0.0,0.0,0.0,0.0,2.0836057630328967e-05,5.261630714729485e-06
camera0_14_image000500,0.0,0.0,0.0,0.0,2.15252224581561e-05,5.435662236908052e-06
camera0_15_image000012,0.0,0.11889120315905594,0.13364645724573757,0.17871973595880195,0.19121142000537036,0.16530029616691946
camera0_15_image000021,0.0,0.12109233646711505,0.13132711150004867,0.1754363048707992,0.187608252071814,0.16247086407913397
camera0_15_image000022,0.0,0.11960664508683336,0.12994593497620766,0.1745879158317686,0.18710525747263007,0.16157677867778386
camera0_15_image000024,0.0,0.11940555972368616,0.13009688412862597,0.17418006396770305,0.18623185350635965,0.16119600129147618
camera0_15_image000035,0.0,0.11911621902714609,0.12566109061295475,0.1650047199361385,0.18195661097318686,0.1549244969279736
camera0_15_image000041,0.0,0.11337728915346378,0.11854195593350643,0.15891396806573077,0.17888943328898993,0.14950258792805016
camera0_15_image000047,0.0,0.001244196167723345,0.0739931316475789,0.09998837868784247,0.1559828468689592,0.10171204603537443
camera0_15_image000049,0.0,0.10577481385068722,0.10463407837818026,0.15189616580301954,0.17312978437095,0.14135177268935994
camera0_15_image000050,0.0,0.0,0.06251557923067387,0.09629579930571387,0.1542435986721838,0.09692930776011904
camera0_15_image000086,0.0,0.013133326125041337,0.04833926144626042,0.09665565710836774,0.15237336831273568,0.09399567805856962
camera0_15_image000094,0.0,0.06542983994433864,0.0747705917416098,0.13806537365151844,0.16373601464228754,0.12407186640718323
camera0_15_image000129,0.0,0.0015654937943493374,0.038893674372058956,0.10012181323732583,0.12919130975361187,0.08704461348450274
camera0_15_image000130,0.0,0.0,0.0,0.07125750156028211,0.11334103442149883,0.06101124677525358
camera0_15_image000132,0.0,0.0,0.0,0.0727772119911981,0.11382011138353604,0.06182300327466923
camera0_15_image000136,0.0,0.0,0.02464106728207582,0.09930768010288112,0.12573359812509094,0.0824910057737732
camera0_15_image000141,0.0,0.0,0.015030299166798341,0.09252373247375097,0.1200756454954222,0.07579435181774985
camera0_15_image000144,0.0,0.0,0.012186343102521483,0.09237834523084594,0.11759135655258135,0.0744545673637299
camera0_15_image000145,0.0,0.0,0.016657103680093252,0.0939390266645173,0.11843236983658827,0.07639242705676776
camera0_15_image000153,0.0,0.0,0.029639342935632054,0.09583397819562851,0.1159564286148173,0.07957903990126623
camera0_15_image000165,0.0,0.0,0.03810020000431018,0.09541294189590532,0.1123518214638105,0.0804003274950293
camera0_15_image000181,0.0,0.0,0.01308739090002602,0.07171506090241027,0.09059257445526293,0.05844907471960164
camera0_15_image000191,0.0,0.0,0.013807705475759395,0.05149344255027366,0.0785441482721487,0.04637860600778356
camera0_15_image000193,0.0,0.0,0.013716895374674392,0.04960751136063313,0.07786087655734134,0.04532818253628437
camera0_15_image000229,0.0,0.0,0.0,0.02740223034344308,0.055259961231526177,0.026410094911546136
camera0_15_image000232,0.0,0.0,0.0,0.028913905775902506,0.05492540394532028,0.027012735944935275
camera0_15_image000257,0.0,0.0,0.0,0.033938273268358736,0.049540521909387424,0.027936720654654558
camera0_15_image000262,0.0,0.0,0.0,0.02949069267851678,0.045222262930126114,0.024824623674609934
camera0_15_image000266,0.0,0.0,0.0,0.03385497987235105,0.04646951614393304,0.027123353513677742
camera0_15_image000268,0.0,0.0,0.0,0.02924273409542942,0.042825871707304224,0.02410676592905965
camera0_15_image000280,0.0,0.0,0.0,0.03351529173370933,0.04428650398002668,0.026417684116338998
camera0_15_image000288,0.0,0.0,0.0,0.031384944604357166,0.04251340278649049,0.025001591685437474
camera0_15_image000301,0.0,0.0,0.0,0.01567242802302882,0.03440566920299807,0.015812131223345786
camera0_15_image000307,0.0,0.0,0.0,0.012883339566488697,0.031359736939967305,0.013775188929203638
camera0_15_image000309,0.0,0.0,0.0,0.013059680882169343,0.031510217804891695,0.013893344291110091
camera0_15_image000332,0.0,0.0,0.0,0.003969779766190958,0.022890047189793414,0.0075847602951860695
camera0_15_image000360,0.0,0.0,0.0007722909756762632,0.021542383829714358,0.022262485220190087,0.01558935302822827
camera0_15_image000362,0.0,0.0,3.8033086647883414e-05,0.019032802721692003,0.019145337030453718,0.013494598916030777
camera0_15_image000365,0.0,0.0,0.0,0.004325547767093599,0.0072683140029321846,0.003801590904974877
camera0_15_image000370,0.1060741770932644,0.023631197491053572,0.012313349835400342,0.008980822576544284,0.012624569182476612,0.01328576120908255
camera0_15_image000374,0.0,0.0,0.0,0.002374445311059979,0.004114175627598571,0.0021182265625016286
camera0_15_image000383,0.3141091658084449,0.08937172694980802,0.05927694816868199,0.07274630122687321,0.08458027162418422,0.07830517962121407
camera0_15_image000409,0.4355072463768116,0.16459785375934002,0.10214830582064503,0.1084953835319792,0.12300738766005007,0.11987392591995318
camera0_15_image000450,0.1319642857142857,0.06247618437672566,0.09215597342298046,0.12998658426745482,0.09658820238065854,0.1099260823706335
camera0_15_image000464,0.34179227508243054,0.19028849421460392,0.3444492100531963,0.22952764613179347,0.16635767330586512,0.2401785445343898
camera0_15_image000465,0.266728624535316,0.16319875976767695,0.19061832434109177,0.22962475852441852,0.17528408910451904,0.2047674780496096
camera0_15_image000476,0.10943064325400394,0.23297457478817613,0.31077901369449723,0.2739509696203147,0.16935979636109547,0.2507228608396191
camera0_15_image000479,0.0,0.0,0.0,0.0011434926982353984,0.0005852502181579773,0.0006675598674196131
camera0_15_image000483,0.0,0.0,0.0,0.0008307952016874696,0.0004926931750902792,0.0005020516510423497
camera0_15_image000484,0.34526255345532747,0.1375817009492662,0.10793864833225475,0.19890038180922084,0.11039599468944424,0.1560472666394846
camera0_15_image000492,0.0,0.0,0.0,8.663546574623977e-06,0.0004082797127172536,0.00010703891327059912
camera0_16_image000001,0.0,0.0,0.0,0.0,0.00016928647316842232,4.27491093859648e-05
camera0_16_image000011,0.0,0.0,0.0,0.0,6.036437469311851e-05,1.5243528962908561e-05
camera0_16_image000021,0.0001107088944217709,2.714912931893864e-05,1.5184146928132405e-05,8.124406505370969e-06,0.00019008227705833277,5.861502420062322e-05
camera0_16_image000031,0.00015717113245177655,2.8361548889180054e-05,1.4893959661572001e-05,7.958839692459738e-06,0.00019081992839318324,5.9653831548287306e-05
camera0_16_image000041,0.03680133234296033,0.008528949650879436,0.004450105390776025,0.0009736539596233309,0.0010937720148235176,0.0028613034137472087
camera0_16_image000051,0.0,0.0,0.0,5.355929367651001e-05,0.0001580133235795652,6.424748792860623e-05
camera0_16_image000061,0.0,0.0,0.0,0.0,5.42520836330645e-05,1.3700021119460594e-05
camera0_16_image000071,0.21145648712593237,0.04205547406084396,0.022883225023656598,0.01154417020474704,0.011047392123724516,0.019421289220855013
camera0_16_image000081,0.0,0.000485301537374017,0.0015496169258033198,0.005867023931135882,0.015522889496989432,0.0069609954755010224
camera0_16_image000091,0.0,0.0,0.0,0.007621051862979449,0.01864472610218087,0.008172378650389785
camera0_16_image000121,0.0,0.07938940722078883,0.09706842765036253,0.10033611003373492,0.06034679860862138,0.08651602900363864
camera0_16_image000131,0.0,0.0,0.059164534925742245,0.09437962379068845,0.07694516705350357,0.07577691194694641
camera0_16_image000141,0.0,0.0,0.0,0.018609675588163073,0.0634512536346739,0.02448198729630466
camera0_16_image000151,0.0,0.0,0.0034582445312742517,0.05827535073309277,0.07274026212908409,0.0456435135168677
camera0_16_image000161,0.0,0.0,0.0064660432609268586,0.09352386628984403,0.07043369447269085,0.061766690083141874
camera0_16_image000171,0.0,0.0,0.0012814289959935236,0.09184121685119921,0.07756177559350742,0.061623548490418616
camera0_16_image000181,0.0,0.0,8.767943207648304e-05,0.0377950775080609,0.04791453708471898,0.02929913840608492
camera0_16_image000191,0.0,0.0,0.003903157799728736,0.0493489948456451,0.06791380291045485,0.04046839284150765
camera0_16_image000201,0.0,0.05132217628723624,0.03572396227102284,0.04494145681320313,0.07196854892292377,0.0490537194349269
camera0_16_image000211,0.0,0.0018790958062193917,0.02469006186064312,0.06066348625084662,0.08333545124490317,0.05431540894346546
camera0_16_image000221,0.0,0.028441711689390612,0.08132647491295728,0.07549853411986081,0.089917670605193,0.07680009281482102
camera0_16_image000231,0.0,0.0,0.07481558923168345,0.06815189223944088,0.08331646124591914,0.06902118625894572
camera0_16_image000241,0.0,0.0,0.025875730335474908,0.05803368425899811,0.08834996963545129,0.05457039358676089
camera0_16_image000251,0.0,0.0,0.03575198832590731,0.0825056287461418,0.09737421643612132,0.07021745900820464
camera0_16_image000261,0.0,0.01248970875502672,0.023701568909288172,0.05330134560027458,0.076280259144834,0.049445010307977384
camera0_16_image000271,0.0,0.0,0.0,0.0014743375547081007,0.04501649743240218,0.012037955815877851
camera0_16_image000281,0.0,0.0,0.0,0.0015081229247484527,0.042598521050977396,0.011442712705940446
camera0_16_image000291,0.0,0.0,0.0,0.008005942861842648,0.049196058424165016,0.016062312014010392
camera0_16_image000301,0.0,0.0,0.0,0.00014024139808646146,0.06349838308562196,0.016098691313681048
camera0_16_image000321,0.0,0.0,0.0,0.0,0.07407533065459014,0.018705891579441768
camera0_16_image000331,0.0,0.0,0.0,0.0,0.07788404038264486,0.019667686965314162
camera0_16_image000341,0.0,0.0,0.0,0.0,0.08014647029526119,0.020239007650318278
camera0_16_image000351,0.0,0.0,0.0,3.4305381906594895e-05,0.08094968620740706,0.0204574333067773
camera0_16_image000361,0.0,0.0,0.0,0.000610355079094327,0.08892624260525184,0.022733555996873916
camera0_16_image000371,0.0,0.0,0.0,0.0,0.08890837022348749,0.022451608642294597
camera0_16_image000381,0.0,0.0,0.0,0.0,0.08223009426908896,0.020765175320476805
camera0_16_image000391,0.0,0.0,0.0,0.0,0.07234288949245496,0.018268406437488442
camera0_16_image000401,0.0,0.0,0.0,0.0,0.07689211612394964,0.019417201041401228
camera0_16_image000411,0.0,0.0,0.0,0.00018979837528794785,0.09749964075770236,0.02470739339222719
camera0_16_image000421,0.0,0.0,0.0,0.004923264481593702,0.10574425905069292,0.028940943211505157
camera0_16_image000431,0.0,0.0,0.0,0.008281813920229236,0.10357834596581286,0.029920608843996034
camera0_16_image000441,0.0,0.0,0.0,0.0025403922379288475,0.1023902897371762,0.027010857516527036
camera0_16_image000451,0.0,0.0,0.0,0.002326818414759649,0.10280676057622737,0.027018947909796382
camera0_16_image000461,0.0,0.0,0.0,0.014433892857798626,0.10540896855341707,0.03317928679228618
camera0_16_image000471,0.0,1.838483773622572e-05,0.00023980751874703426,0.01854121967354924,0.11202171702826061,0.03677147688846278
camera0_16_image000481,0.0,0.008382142304879343,0.01553334069052024,0.04104505832519666,0.12058190958498892,0.053018133031991745
camera0_16_image000500,0.004491249974027173,0.20947021857144862,0.22031045171259847,0.16005158770341793,0.13133400117600771,0.16559853659703916
camera0_17_image000001,0.0,0.0009713765982561977,0.006710486143229075,0.08536294636182021,0.10218624618498913,0.0661752108466806
camera0_17_image000011,0.0,0.0006807577554934536,0.0915310482054973,0.18011063762229176,0.13564303539784764,0.13695521790376358
camera0_17_image000021,0.0,0.00335091970083074,0.17672170913350965,0.19625572557218204,0.11870742698432049,0.15950011029811867
camera0_17_image000031,0.0,0.0,0.07851431206942219,0.16428676543084816,0.08841640771033342,0.11484733998695341
camera0_17_image000041,0.0,0.0,0.0763502907605725,0.1660770144901026,0.08573536679490956,0.11449223600040528
camera0_17_image000051,0.0,0.0,0.1911040057439172,0.21064043255971682,0.1126098518793511,0.16761521102433338
camera0_17_image000061,0.0,0.09073022929890782,0.22416885747628237,0.1967986782825192,0.13827638989724067,0.17944379389096607
camera0_17_image000071,0.0,0.0007472957974846128,0.05332275716297092,0.09220008590097448,0.1123456695109429,0.08243202495528149
camera0_17_image000081,0.0,0.017945292051817247,0.03961163308323102,0.06729252899103974,0.086254205062216,0.06218721706826265
camera0_17_image000091,0.0,0.0,0.0,0.014039382454399157,0.0603523744314451,0.021622036073071397
camera0_17_image000101,0.0,0.0,0.0,0.052175467763526745,0.07010271778035354,0.04141882822088385
camera0_17_image000111,0.0,0.010839741432016539,0.04113199890987998,0.06016591102121508,0.0996968816074051,0.06236501866723352
camera0_17_image000121,0.0,0.0,0.0003888620930022043,0.11678518837650705,0.138972163416581,0.08826653494393742
camera0_17_image000131,0.0,0.0,0.008389059193060286,0.12446378389055986,0.11559499656628677,0.0876717072835973
camera0_17_image000141,0.003056498461559911,0.10552540886232739,0.15722008129374637,0.11914389810106608,0.09096849159626935,0.11771835222593412
camera0_17_image000151,0.0,0.0,0.0085469606296984,0.12023297771306514,0.07721336419188556,0.07609216884902231
camera0_17_image000161,0.0,0.0,0.014637465133961488,0.16741458173232301,0.10220049850526311,0.10523244046565801
camera0_17_image000171,0.0,0.02746650944028893,0.0861697625308326,0.261111973570372,0.1556707362061313,0.17883056732570585
camera0_17_image000181,0.0,0.005864750696191021,0.08397017523607259,0.23737910437770202,0.15707844009968733,0.1669165759639707
camera0_17_image000191,0.0001267975785624919,0.10147538634866532,0.18063398100244962,0.11583806865347196,0.11228941621823328,0.12667783738528465
camera0_17_image000201,0.0,0.0,0.0,0.11994451352347997,0.08043056897031302,0.0748309831597409
camera0_17_image000211,0.0,0.0,0.0332542233763385,0.13814196303397835,0.08671421290553673,0.09224710793065624
camera0_17_image000221,0.0,0.04752125177723153,0.07818514912159456,0.21340058043328786,0.12954832479891834,0.1496438962394362
camera0_17_image000231,0.0,0.003151582745674067,0.15505818393984855,0.29049512919196663,0.1746190431281997,0.21152270861460004
camera0_17_image000241,0.0,0.0,0.01574034405774371,0.20439549604973986,0.13280253589453472,0.13002038849394712
camera0_17_image000251,0.005540832793007846,0.13686373406327768,0.16284101954162486,0.14082988063973795,0.10584013421902137,0.13408322619011043
camera0_17_image000261,0.0,0.0,0.003841757090439247,0.12291662984564629,0.08948941457445683,0.07934265900959907
camera0_17_image000271,0.0,0.0,0.005019563255448271,0.16015994309371906,0.11521408192520252,0.10303524909691823
camera0_17_image000281,0.0,0.04216042914219891,0.09894663685761133,0.29347720793576915,0.18068329118770773,0.20343007977008334
camera0_17_image000291,0.0,0.0064009707493490305,0.04468824899357396,0.23563375743474183,0.17316962201217592,0.1612833293494455
camera0_17_image000301,0.0,0.07188600902366754,0.1303680685236093,0.12079143858575168,0.12168160209489032,0.11852952900119879
camera0_17_image000321,0.0,0.0,0.029015412490135246,0.10867923369583277,0.09147550910248275,0.07909393964547987
camera0_17_image000331,0.0,0.08117991229750812,0.08811317401592092,0.1966309030231211,0.14080934311569554,0.14865131550131008
camera0_17_image000341,0.0,0.003318728425036153,0.13107725596486014,0.3005571899432288,0.19345702831220954,0.21541082618557914
camera0_17_image000351,0.0,0.00840779064044125,0.05762275343566422,0.20157897691665444,0.14115492464189672,0.1407502433078905
camera0_17_image000361,0.0,0.08274111755871676,0.10733796374581488,0.13550466822301957,0.10858051142559694,0.11716830372697726
camera0_17_image000371,0.0,0.0,0.012334736151553467,0.11386005841195623,0.09884003726540437,0.07951752650083853
camera0_17_image000381,0.0,0.0,0.027288977090748852,0.15077004341491848,0.12528500404448634,0.10637150544772962
camera0_17_image000391,0.0,0.054909554230137644,0.11253307174245403,0.2830977335389209,0.20180736293231996,0.2077138302101017
camera0_17_image000401,0.0,0.04740528929305232,0.06170939955999376,0.22874734901523766,0.18787824677084874,0.16759971885732666
camera0_17_image000411,0.0003115465108698164,0.019273847928016445,0.07336424059548477,0.12504103966930727,0.12351385604211912,0.10558327281078707
camera0_17_image000421,0.0,0.0,0.00450814611575184,0.07553313086397505,0.08863787578015299,0.057741121929162226
camera0_17_image000431,0.0,0.006416682406687006,0.03340811494124333,0.08761560747418813,0.09290625977087082,0.07117087361230538
camera0_17_image000441,0.03539752481014455,0.05831141441793761,0.08562984145945085,0.17757270854419724,0.1488053204337699,0.14111891659264278
camera0_17_image000451,0.0,0.04596465350637187,0.12981298586212583,0.277943032313781,0.2074336043729274,0.21031221905171338
camera0_17_image000461,0.0,0.0,0.0004658857219029553,0.17772270679483118,0.16336988617444795,0.12214395342294239
camera0_17_image000471,0.0,0.09074785735193137,0.09746758230171082,0.13933719592250793,0.1266131317791371,0.12158472798851867
camera0_17_image000481,0.19720301823769099,0.17829138627420732,0.15447051555153654,0.14589412991414374,0.13643261720340405,0.14796318334182132
camera0_17_image000491,0.1793805282407196,0.17474249128460545,0.19376202185904684,0.17810082837227006,0.1623339726017958,0.17755186213017768
camera0_17_image000500,0.0,0.07089900775018655,0.09728725741177854,0.2303059193015563,0.21347409428580094,0.18392553083187607
camera0_18_image000001,0.0,0.0,0.0,0.0014200697251219698,0.0016602674978348473,0.0010647457078420076
camera0_18_image000011,0.0,0.0,0.0,0.0014066791475424308,0.0015826326040847079,0.0010390543105204652
camera0_18_image000021,0.0,0.0,0.0,0.0014195831015852492,0.0017121931521260085,0.001077637054287731
camera0_18_image000031,0.0,0.0,0.0,0.0014540249769391072,0.0016947741430087396,0.00108889371249977
camera0_18_image000041,0.0,0.0,0.0,0.0014308034367310131,0.0016563592424578392,0.001068637734488288
camera0_18_image000051,0.0,0.0,0.0,0.0014883696049920229,0.0017614877077442755,0.0011213517668509777
camera0_18_image000061,0.0,0.0,0.0,0.001438766435995163,0.0017276836816619108,0.001090268501629586
camera0_18_image000071,0.0,0.0,0.0,0.0012174893024602094,0.0018548354146732458,0.001021797009874137
camera0_18_image000081,0.0,0.0,0.0,0.0014301210071774578,0.001641471036402321,0.0010645678912428542
camera0_18_image000091,0.0,0.0,0.0,0.001414280358738021,0.0016266484066724649,0.0010536245081820355
camera0_18_image000101,0.0,0.0,0.0,0.0014443766635394728,0.0017051381882698699,0.0010871252986466861
camera0_18_image000111,0.0,0.0,0.0,0.001273152664395014,0.0018855319634456676,0.00105485019175673
camera0_18_image000121,0.0,0.0,0.0,0.0013813193852500458,0.001537969790675547,0.0010162486576074721
camera0_18_image000131,0.0,0.0,0.0,0.0014445683214853605,0.0016807268216261046,0.0010810479293686139
camera0_18_image000141,0.0,0.0,0.0,0.0013853239192255114,0.001481379423159087,0.0010037784034760018
camera0_18_image000151,0.0,0.0,0.0,0.0014093051517046163,0.0016483022175233586,0.001056831184492835
camera0_18_image000161,0.0,0.0,0.0,0.001432984078620104,0.0016652683133484318,0.0010718787007233778
camera0_18_image000171,0.0,0.0,0.0,0.0014527595844919285,0.0016837224025857747,0.001085527690573536
camera0_18_image000181,0.0,0.0,0.0,0.0013776028863397248,0.0015699266737897394,0.0010226292598992937
camera0_18_image000191,0.0,0.0,0.0,0.0014394477452868743,0.0016420830205066466,0.0010689618590967115
camera0_18_image000201,0.0,0.0,0.0,0.0014036698740529769,0.0015369933424428054,0.0010261613928631624
camera0_18_image000211,0.0,0.0,0.0,0.0013733455178689014,0.0014627751523450803,0.0009936356274012786
camera0_18_image000221,0.0,0.0,0.0,0.0014736799671215945,0.001706948786550844,0.0011009022038812298
camera0_18_image000231,0.0,0.0,0.0,0.0013854980177054907,0.0015029989569957968,0.0010093170173903132
camera0_18_image000241,0.0,0.0,0.0,0.0013844974261566965,0.001502820270984388,0.0010088170803197983
camera0_18_image000251,0.0,0.0,0.0,0.0014611833695026106,0.0016519866273778075,0.0010813425991117332
camera0_18_image000261,0.0,0.0,0.0,0.0014521095299194235,0.0016566251738845573,0.001078389476701888
camera0_18_image000271,0.0,0.0,0.0,0.0011848036991642915,0.0016095102577803192,0.0009449891202717187
camera0_18_image000281,0.0,0.0,0.0,0.0014273901199983278,0.0015784094774113965,0.001047401942779885
camera0_18_image000291,0.0,0.0,0.0,0.0014336415382033068,0.001594512645177851,0.0010543099530161014
camera0_18_image000301,0.0,0.0,0.0,0.0014426741049340236,0.001600955991826783,0.0010600427729060564
camera0_18_image000321,0.0,0.0,0.0,0.0013954507008502627,0.0014560545086887342,0.0010019863056109008
camera0_18_image000331,0.0,0.0,0.0,0.00142674579199309,0.0014689019668133365,0.0010194556546466813
camera0_18_image000341,0.0,0.0,0.0,0.0014585283335585657,0.0014782383645925666,0.0010362599406560464
camera0_18_image000351,0.0,0.0,0.0,0.0014204886284328632,0.0013139075327291553,0.0009774714807849168
camera0_18_image000361,0.0,0.0,0.0,0.0014617527156786125,0.0014220633750916202,0.0010235399654831014
camera0_18_image000371,0.0,0.0,0.0,0.0014282687635540328,0.0012379406183594666,0.000961824341605224
camera0_18_image000381,0.0,0.0,0.0,0.0002635299486349743,0.00045648294789281906,0.0002350598119787281
camera0_18_image000391,0.0,0.0,0.0,0.0002562722681608186,0.000346308824713745,0.00020393911803111373
camera0_18_image000401,0.0,0.0,0.0,0.00025314547402666577,0.00026757976361460947,0.00018263677193500015
camera0_18_image000411,0.0,0.0,0.0,0.0002629640096463916,0.00021026557139982468,0.00017262646180891988
camera0_18_image000421,0.0,0.0,0.0,0.00033602204706313367,0.00020547884904475078,0.00020462589236322804
camera0_18_image000431,0.0,0.0,0.0,0.00035083691810365564,0.0002147611858946552,0.00021370394911142092
camera0_18_image000441,0.0,0.0,0.0,0.00017328772402918814,0.00010805544582439862,0.00010605387602952854
camera0_18_image000451,0.0,0.0,0.0,0.00036747486496249856,0.00023771632326439427,0.00022706340409012186
camera0_18_image000461,0.0,0.0,0.0,0.00032667895134615285,0.0002734521269870729,0.0002175439998510453
camera0_18_image000471,0.0,0.0,0.0,0.00030434390512647767,0.0004894285211743831,0.00026193119959647284
camera0_18_image000481,0.0,0.0,0.0,0.0003233231551698302,0.000322617445545183,0.0002284341224370879
camera0_18_image000491,0.0,0.0,0.0,0.0003384445990487223,0.00031474023603417,0.0002333183116974396
camera0_18_image000500,0.0,0.0,0.0,0.0002749614292607043,0.0002404154575711603,0.00018569344197990419
camera0_19_image000001,0.0,0.2366406714538087,0.1724403604488509,0.2581443283564744,0.29099541011153446,0.2407694056613207
camera0_19_image000011,0.0,0.27318901154827585,0.2570410239899701,0.2570412228773065,0.2866060116918345,0.2600482718536966
camera0_19_image000021,0.0,0.2682430971641838,0.2526463499542857,0.2577097308619824,0.284370333747759,0.258563970138315
camera0_19_image000031,0.0,0.2724426881881855,0.2519752320156245,0.25767636252331083,0.2839098982352281,0.25847089481442237
camera0_19_image000041,0.0,0.2710157454799913,0.2404933150505233,0.24440241568099033,0.28081118142327505,0.24898039075275685
camera0_19_image000051,0.0,0.24108393085664143,0.2088281731306158,0.2294029909448927,0.2742902932693112,0.2319586212984491
camera0_19_image000061,0.0,0.21050449145461828,0.1838411925585089,0.21702951456852052,0.2706875935628354,0.21835570746228608
camera0_19_image000071,0.0,0.20422298319383234,0.170165290795826,0.2044429340916292,0.26751119989745475,0.20843873231149299
camera0_19_image000081,0.0,0.18769330475467197,0.15561795932655254,0.19406701503134344,0.26221174064019365,0.19832659746119752
camera0_19_image000091,0.0,0.1775101066556601,0.15288598824785313,0.19247794717963787,0.2612937814187148,0.19628871084927824
camera0_19_image000101,0.0,0.1868867709158967,0.17940781893369862,0.1958985547642082,0.2624607058400727,0.2045921111668761
camera0_19_image000111,0.0,0.17885657173672048,0.17645826313898452,0.18854723263051756,0.25981148049791564,0.19954624216427655
camera0_19_image000121,0.0,0.17610331976191973,0.17654035564773457,0.1933894607525423,0.2626991058242963,0.2023699628330735
camera0_19_image000131,0.0,0.1717292847508008,0.18429211363080134,0.19497816735423185,0.25839412235479464,0.20356792856446193
camera0_19_image000141,0.0,0.15682130847052,0.18441717253813011,0.17743882768222954,0.24939576796975182,0.192673976920901
camera0_19_image000151,0.0,0.16849856871651492,0.19597816983612382,0.16715124904149106,0.2438085000075578,0.18974516250093892
camera0_19_image000161,0.0,0.006892525592592354,0.07206517501915657,0.13220097903331213,0.22230930094604956,0.1329218119519984
camera0_19_image000171,0.0,0.03856084789091996,0.10384779865414939,0.1252311467047934,0.22134261336912725,0.13817238607243684
camera0_19_image000181,0.0,0.02282920761261143,0.09113490571620567,0.1148834777343839,0.2110847171934852,0.12727415394702685
camera0_19_image000201,0.0,0.0,0.0028485180688698924,0.08907876552812567,0.17752897973693677,0.08596828887614708
camera0_19_image000211,0.0,0.0027376093409005606,0.0202916102904997,0.08155100595683348,0.16934317330244353,0.08456823307261423
camera0_19_image000221,0.0,0.002295983247325722,0.017956971585786543,0.07784151483704892,0.1660212308392841,0.0814925527670948
camera0_19_image000231,0.0,0.00193426685601316,0.01671580266888257,0.09959002707470109,0.16870653121736828,0.09175782080502609
camera0_19_image000241,0.0,0.00027897932638301155,0.011683935614973117,0.12413974687012569,0.17248210439599085,0.10265136542788832
camera0_19_image000251,0.0,0.0,0.013231457294044792,0.1517201250290922,0.18103117436049065,0.11768578560037683
camera0_19_image000261,0.0,0.0,0.010058992068409165,0.14613184431787746,0.1768683151656949,0.1133734161109692
camera0_19_image000271,0.0,0.0,0.008713401317019243,0.14480801226493656,0.17410696038460524,0.11176854637545554
camera0_19_image000281,0.0,0.0,0.016560522502476582,0.1462259687455991,0.167705108663461,0.11257987945903128
camera0_19_image000291,0.0,0.0,0.036696881303411324,0.1494041938500988,0.1622581418703309,0.11722547575090257
camera0_19_image000301,0.0,0.0,0.041967431679694564,0.151499315336807,0.1589974188237865,0.11855224114690897
camera0_19_image000321,0.0,4.4208682386488205e-05,0.053057692639638644,0.12110398028932266,0.1396234616529364,0.10236628967480238
camera0_19_image000331,0.0,0.0,0.03521631897940289,0.08452408609104907,0.12302632024718378,0.07749100057892212
camera0_19_image000341,0.0,0.0,0.0,0.053338792444930214,0.1099165994173977,0.052001622681381324
camera0_19_image000351,0.0,0.0,0.001076385121527352,0.04504996923793064,0.10223833340268526,0.04653965268695282
camera0_19_image000361,0.0,0.0,0.0020349748967437757,0.04722467117247564,0.09763657297155515,0.0465839541639088
camera0_19_image000371,0.0,0.0,0.006567306449138629,0.046738609092370875,0.09017921549039541,0.04550992112648635
camera0_19_image000381,0.0,0.0,0.010864045429291331,0.041497884504153586,0.07865443992959359,0.041194008313997624
camera0_19_image000391,0.0,0.0,0.001027034518693888,0.03960193063259084,0.07486592313319346,0.03713983064108081
camera0_19_image000411,0.0,0.0,0.0,0.02360315409256223,0.05854847791571549,0.02551367557634507
camera0_19_image000421,0.0,0.0,0.0,0.033387348409893734,0.0593004709308313,0.030150933855716877
camera0_19_image000431,0.0,0.0,0.0,0.03791296366035894,0.05903336840316134,0.032140581563587414
camera0_19_image000441,0.0,0.0,0.0,0.06233108456558586,0.06963368715186673,0.04591657559846451
camera0_19_image000451,0.0,0.0,0.0,0.08921403948770659,0.0756318044797511,0.0596507766559648
camera0_19_image000461,0.0,0.0,0.0,0.10776860043234147,0.07846930069775869,0.06880120744342691
camera0_19_image000471,0.0,0.0,3.136941987999584e-05,0.13744268182289401,0.09097646373327356,0.08545493017484125
camera0_1_image000000,0.1510812018270315,0.23493975262954525,0.14568993791906729,0.17774345046532572,0.15304342312668026,0.16628238124012656
camera0_1_image000010,0.15413712390168235,0.18690642171663807,0.18889107422665294,0.21150358214670478,0.1611831617364445,0.1913802278347532
camera0_1_image000020,0.17058698507831316,0.3129646584769871,0.4843690644876475,0.2873414590700981,0.17873163923754673,0.30349975276129215
camera0_1_image000030,0.1665843981099198,0.33185035318092304,0.4546757330459037,0.3664847950837678,0.2011787209228661,0.33917154728189586
camera0_1_image000040,0.25117449445358997,0.33138799406336034,0.45975735524367084,0.40079979766280727,0.2136621062834276,0.36076443441501577
camera0_1_image000050,0.28730984208034627,0.4039295366558728,0.48884079363972854,0.41301436540498604,0.2225278765483578,0.3791925637670601
camera0_1_image000060,0.10356955431882992,0.27215070070800734,0.40083157450348716,0.3202215968447127,0.20400521681495493,0.30263262592462425
camera0_1_image000070,0.19243965439000926,0.30107801580734883,0.23352531778885463,0.17295462785193025,0.1660834458556312,0.19120297403929057
camera0_1_image000080,0.1761512888338989,0.2811014546780972,0.15428816999815503,0.061162529465698535,0.13754087774192206,0.1139351385674959
camera0_1_image000090,0.11592020515535921,0.24845058952511745,0.1278395338037569,0.06285056398618233,0.14096645080271086,0.1068554972040823
camera0_1_image000100,0.16219454782311973,0.21443563775219715,0.2976553012372405,0.11202606783688941,0.15751410012945713,0.1713698919117709
camera0_1_image000110,0.10325876288715395,0.17798292824715953,0.1336246664817283,0.0724351322811145,0.1545569431514384,0.11250000232486275
camera0_1_image000120,0.15426782655065832,0.12891900449609445,0.07952126741128375,0.12704338713166907,0.1664807519180942,0.12683707988853496
camera0_1_image000130,0.0948795627977814,0.2099223267356335,0.14304083674736554,0.23867986972982924,0.18479867089730623,0.19912514477774151
camera0_1_image000140,0.19561856050036092,0.2398686766093918,0.2800269539224128,0.3107288208234679,0.20336342066525118,0.27109227356246807
camera0_1_image000150,0.29005357831693207,0.3447403647194963,0.40170601483367563,0.35163991106748754,0.2166321711602357,0.3273679233199172
camera0_1_image000160,0.15168045784578174,0.3002226557497138,0.38958925898039803,0.33080111629812053,0.19823177040452566,0.3056764210823484
camera0_1_image000170,0.11674369236651394,0.2994728286790315,0.3671032605559226,0.32993184038688766,0.19791143146175597,0.29935007151768156
camera0_1_image000180,0.05485826328687831,0.2723774997511704,0.38283860194438596,0.34195587461595506,0.2041951383192393,0.3074967336858723
camera0_1_image000190,0.06233570010352232,0.21573487360278687,0.3321097851526623,0.34245697861484015,0.2033317292724466,0.29355359360437544
camera0_1_image000200,0.19521153062671287,0.2795431006262873,0.3657711373354743,0.3535899039237522,0.21392948323640232,0.31452525617776245
camera0_1_image000210,0.14039961547316676,0.26908057013087244,0.34794969472134407,0.3563327966866884,0.22174882726613335,0.3121133985890859
camera0_1_image000220,0.11219870467852379,0.29615362799487477,0.35417661532771405,0.3587869247035486,0.2189319956813402,0.31459367761515583
camera0_1_image000230,0.0761986746584611,0.14601623047285583,0.316779211352656,0.3506225634331685,0.21516736619508128,0.2938808298105945
camera0_1_image000240,0.17016993572310182,0.33012915913238833,0.4211396334040774,0.3714743129270854,0.22525526435370039,0.3398918033302496
camera0_1_image000250,0.2437279418443068,0.2902538091134174,0.3855454118156561,0.3676375420518854,0.22818477882756788,0.3304715015512623
camera0_1_image000260,0.03912118004142244,0.23932423784506646,0.32667792776037385,0.3545266249063069,0.23640987121336984,0.30676161319304857
camera0_1_image000270,0.10143607925720964,0.1942109104979862,0.31018429868553465,0.3406745130886105,0.22552858213057353,0.2931771274589031
camera0_1_image000280,0.04414734590044807,0.26360211977811865,0.3168234017284547,0.34625030051263206,0.2146261667139723,0.29646412586474863
camera0_1_image000290,0.1564665185948519,0.3043981222992193,0.37282111441677696,0.36696046943613725,0.22805239923855916,0.3261184926010455
camera0_1_image000300,0.07732642470546804,0.18127423037170243,0.26913445643711115,0.3541677912050324,0.23845827421003646,0.2921709052060169
camera0_1_image000310,0.21497565487772227,0.3279971688341789,0.3569147355833337,0.359640847232895,0.2327598350331074,0.3226197386004232
camera0_1_image000320,0.190333217465799,0.3272044991811859,0.36245441404388185,0.36843895581757374,0.24207303736511818,0.32969585801164364
camera0_1_image000330,0.15712503326507316,0.29192156152477744,0.3747037600146207,0.37066826933444763,0.2395844536685593,0.33059005207560005
camera0_1_image000340,0.09911741257243568,0.15483301629778307,0.34665522292976353,0.3681099199869351,0.23890939288461435,0.31547885995890607
camera0_1_image000350,0.14203357353853124,0.29015305436688144,0.3738027524351983,0.3685996356068026,0.24332316683523578,0.33000384439097646
camera0_1_image000360,0.134111483678195,0.2756745647076452,0.35046859984400064,0.3570736644207582,0.2560777864867358,0.32186425824376774
camera0_1_image000370,0.15527035543723805,0.25476034120324526,0.3350291329635185,0.3250836728675817,0.24361500681989728,0.30014402209602586
camera0_1_image000380,0.14905640052567867,0.30290204652454644,0.2935771357614911,0.3075315481588504,0.2316322784076704,0.28178165850894055
camera0_1_image000390,0.2377705667079967,0.36356184670535274,0.303268580763484,0.32824802135728515,0.23718275008779996,0.29935194165697987
camera0_1_image000400,0.1584039342734082,0.31957088852850885,0.29949420338650745,0.36054893565578167,0.24923129070340455,0.31261596783046974
camera0_1_image000410,0.06093005384474485,0.2418072527304003,0.2419075790939896,0.33795950347157944,0.23899591505150805,0.2811716041121167
camera0_1_image000420,0.01986932854832289,0.1960371332281804,0.2868788502448462,0.3260611694512975,0.24837674739019816,0.28544294138581366
camera0_1_image000430,0.05929879702045422,0.19661255720265253,0.23262384357166624,0.3289510440327471,0.24757841777909714,0.2750469495733951
camera0_1_image000440,0.1255446310635066,0.2364036237330755,0.24443685960609873,0.3382028501613008,0.2540489089123369,0.2867180392942399
camera0_1_image000450,0.10413704537655706,0.11554144966231121,0.18401437371359353,0.3363464172500995,0.2610160760895164,0.2679749969826413
camera0_1_image000460,0.07511019939368387,0.10608406269592652,0.2012058780774883,0.31526537976030305,0.25452929631414234,0.2596455094417117
camera0_1_image000470,0.04673706224026291,0.21022704626040292,0.19794352402978393,0.2886894449347586,0.25272271140070984,0.2505284639434759
camera0_1_image000480,0.17093944797592553,0.2995639879561657,0.29866409977015723,0.27091650612940704,0.23864145192218383,0.2683549309137453
camera0_1_image000490,0.17910551230882338,0.24856222165672265,0.23808808409609553,0.2577459943321038,0.23198181025011136,0.24476603954982085
camera0_1_image000500,0.16109725022203572,0.19208300305138445,0.1585242514857219,0.2710076855150906,0.2393514396360022,0.23164136880487826
camera0_20_image000001,0.4802003986345522,0.3696358881852538,0.34520299444314206,0.28161146947746324,0.2752645451189086,0.30247433761143133
camera0_20_image000011,0.39019221040406465,0.339603267903365,0.31264523595453464,0.2678623287500028,0.18496563916964448,0.2628390172559725
camera0_20_image000021,0.26428968008813086,0.36829905916920536,0.31621128234191426,0.22103732593391845,0.1563111871069079,0.23389028609928839
camera0_20_image000031,0.28226705180358297,0.4504391314785321,0.40678496834058997,0.2337029277787101,0.18974652783606183,0.2727723932208795
camera0_20_image000041,0.22996708120948506,0.43774305680085934,0.46648778562513044,0.2444213969400083,0.20120087837814354,0.29247210016507014
camera0_20_image000051,0.26077765237151,0.4408596763848372,0.32355284604314655,0.194893919712383,0.1532031707701811,0.22611786404805173
camera0_20_image000061,0.3722212531059189,0.4310819807915299,0.3024299445715624,0.14608909782078788,0.11503834994699678,0.1913025588206471
camera0_20_image000081,0.24726149990263913,0.3193865539683415,0.2023501129589173,0.07926916797367957,0.09992878409064149,0.1267673959123227
camera0_20_image000091,0.2790881897255326,0.10432827784046407,0.10354488209027976,0.0962437473201035,0.1088487244545856,0.10514747694478424
camera0_20_image000101,0.28223918504448275,0.3210893459217079,0.2451802699878058,0.20468625207857463,0.14061755109153426,0.20456824870996254
camera0_20_image000111,0.27781777225161336,0.5118122768672791,0.5407025961540606,0.3407210457455725,0.19469094928946692,0.35580121206726695
camera0_20_image000121,0.13578951716239976,0.5182640743019495,0.4753311548160312,0.33500493828107586,0.22058474711211853,0.34230867931813447
camera0_20_image000131,0.22802751748881772,0.5661824805653436,0.4703428302106649,0.24366413109726917,0.2033536760231913,0.2993466432042246
camera0_20_image000141,0.2787447979086243,0.1453853371548686,0.12020246646313394,0.1018529499869884,0.15128273665285094,0.12405788155727573
camera0_20_image000151,0.08262712197826372,0.07138109513495405,0.09966636662838008,0.1290015521698369,0.14519214397912866,0.1228670289729609
camera0_20_image000161,0.10420879099662654,0.14696290451689314,0.16399439105813315,0.19180186197829688,0.16067046026378595,0.173812825724698
camera0_20_image000171,0.3104462391487923,0.3477553806180806,0.28816834898386895,0.23542555135199222,0.1825626801693055,0.24068481169987926
camera0_20_image000181,0.15278902823307852,0.15250270727183662,0.1671828885963694,0.19965482212187144,0.16677538334202033,0.18088188698628563
camera0_20_image000191,0.14912105372351597,0.061494507318294325,0.07544817566471371,0.13328832047374303,0.13711469958805939,0.11816558842277998
camera0_20_image000201,0.2555716791318739,0.14964547592366792,0.10059341533956383,0.09748964251355997,0.11959707007096433,0.10934202535297613
camera0_20_image000211,0.2529275371562113,0.1618442438868614,0.12891900173798657,0.11879444863849581,0.13353152984197036,0.12948353682514582
camera0_20_image000221,0.24196429748943435,0.2901966018139737,0.23914532398672722,0.15522600099104686,0.15041426738358296,0.18097080628312742
camera0_20_image000231,0.09137503174355704,0.3386365739282697,0.2978389517499997,0.17874572235428005,0.16664086060556574,0.20825828365273596
camera0_20_image000241,0.0726641969881383,0.18024854165957144,0.18182912780707922,0.1642169368393976,0.17009771566131313,0.16858391168090087
camera0_20_image000251,0.22958798881202983,0.1464764672842091,0.13870862180126006,0.12804205951546646,0.14232344471730965,0.1369620491622217
camera0_20_image000261,0.24085309903356103,0.1504765118606439,0.11207894534226921,0.10182109856915907,0.11773826179390952,0.11319225002122082
camera0_20_image000271,0.23336710090539728,0.08031614296534616,0.04326142269736929,0.03015770437204083,0.0956703593810711,0.056064591283982015
camera0_20_image000281,0.003328391919503084,0.0007943309075589812,0.0005058203237355076,0.008573037747621588,0.09704953777697832,0.02862259973004517
camera0_20_image000291,0.013881564420086345,0.011429670825859054,0.008215628417166514,0.02270107865467396,0.10362904488719273,0.03915477725841306
camera0_20_image000301,0.0,0.007322248410588984,0.01188049401221824,0.03638631725926869,0.1036722945486535,0.04575204922733277
camera0_20_image000321,0.08744111998143311,0.10416090737099923,0.04873967846641859,0.01274953227051818,0.10215329395877334,0.04916980191686247
camera0_20_image000331,0.10277800115477698,0.030863466854874493,0.016743153185157143,0.005784093263563375,0.10833332301727082,0.03727050325368293
camera0_20_image000341,0.03433244127058894,0.022937961458534526,0.013461517115290974,0.004079292473746595,0.11265705512589193,0.03509863013802515
camera0_20_image000351,0.021377692396160317,0.0067909185989615374,0.003778284619507564,0.0056681222557155835,0.12151370232511795,0.03486094931375437
camera0_20_image000361,0.1641526652282808,0.04238660368696128,0.022537855217335475,0.010198840392844242,0.11540113543265193,0.04414265649426445
camera0_20_image000381,0.2092172389574506,0.0593720439097694,0.03492827868388573,0.012593633863030017,0.11343703455058812,0.04923368013633634
camera0_20_image000391,0.2072787772860932,0.06113563034689032,0.03388030908454634,0.010601107283305057,0.11657040330393993,0.04892206824123902
camera0_20_image000401,0.08415389492396481,0.021989085451124338,0.011382457871418984,0.005434433140101261,0.12080568100349671,0.03826318679673588
camera0_20_image000411,0.16751719750635347,0.04016541435747331,0.02184051301389388,0.008976757682714344,0.12615329442115442,0.04611087635035261
camera0_20_image000421,0.14998482567933494,0.05803149215015842,0.030900974205368137,0.015158496145136107,0.12103879971509093,0.050146319243065805
camera0_20_image000431,0.08531474183486897,0.05743243155128803,0.03993478656543852,0.0165277800359267,0.11913943069135258,0.05100852517447844
camera0_20_image000441,0.08848755924166121,0.03317250506781458,0.018472139674350296,0.01613806333617369,0.1285013573777614,0.047279003217506804
camera0_20_image000451,0.01588646258549994,0.01936761596883343,0.01012082693725348,0.01564466139740792,0.13750342972610802,0.0453357707995451
camera0_20_image000461,0.0,0.0,8.971257913783e-06,0.035006444155332196,0.1431211514132798,0.052055763895201536
camera0_20_image000471,0.07845475087659291,0.023835298860906483,0.013879926385563714,0.03213207787815573,0.1350935321900925,0.054542914137088026
camera0_20_image000481,0.12714506107612325,0.09077638629327706,0.0632033620023345,0.06265995394388243,0.13725721932164722,0.08420189814182147
camera0_20_image000491,0.018192280915673383,0.22674195056412028,0.1909303195101149,0.13199948731103328,0.15551903469843442,0.1533394780283301
camera0_2_image000000,0.0,0.0,0.0,0.0024260450654735016,0.051382824727243634,0.014078208546741258
camera0_2_image000010,0.0,0.0,0.0,0.0024285897654912443,0.06390229726502102,0.01724084819265267
camera0_2_image000020,0.0,0.0,0.0,0.01322032867126184,0.0786055878046259,0.025859136215377825
camera0_2_image000030,0.0,0.0,0.0,0.030711408344093274,0.0766028096765422,0.03330387492320929
camera0_2_image000040,0.0,0.0,0.0,0.014906899370188706,0.0718298885093171,0.024914724084761558
camera0_2_image000050,0.0,0.0,0.0,0.00235460794107683,0.04836769861824212,0.01328434164448987
camera0_2_image000060,0.0,0.0,0.0,0.0024207691112158747,0.058490397958894755,0.015870652110879468
camera0_2_image000070,0.0,0.0,0.0,0.002328071594326151,0.046418207294570184,0.012779983879888067
camera0_2_image000080,0.0,0.0,0.0,0.0024044885492594537,0.04854610707608694,0.013352067289079148
camera0_2_image000090,0.0,0.0,0.0,0.002422402729814319,0.06025392031036868,0.016316728591927728
camera0_2_image000100,0.0,0.0,0.0,0.002395811341615183,0.04276951940638095,0.011889388843759547
camera0_2_image000110,0.0,0.0,0.0,0.0023145761954838236,0.035545998636908736,0.010028342370903843
camera0_2_image000120,0.0,0.0,0.0,0.0024482443047929205,0.05722471725038139,0.015563524494698997
camera0_2_image000130,0.0,0.0,0.0,0.0024420475676537406,0.06784462811898846,0.01824250346989002
camera0_2_image000140,0.0,0.0,0.0,0.0024272183305135545,0.050686971157534774,0.013903021250620864
camera0_2_image000150,0.0,0.0,0.0,0.007927555788287383,0.045209020850478975,0.015019853855907995
camera0_2_image000160,0.0,0.0,0.0,0.0022955798609520673,0.016751056557816953,0.005273510178669308
camera0_2_image000170,0.0,0.0,0.0,0.0023717618954950774,0.041657261655489886,0.011597584107924384
camera0_2_image000180,0.0,0.0,0.0,0.002287528594093612,0.01633054655126955,0.005163661116322688
camera0_2_image000190,0.0,0.0,0.0,0.008767233229573446,0.04453331929845247,0.015230893715071735
camera0_2_image000200,0.0,0.0,0.0,0.0023137256204747805,0.02735909409774,0.007960555609746033
camera0_2_image000210,0.0,0.0,0.0,0.002293631139655134,0.018074691898029894,0.00560687574480023
camera0_2_image000220,0.0,0.0,0.0,0.002258856738530556,0.01025351361839277,0.003616024178724148
camera0_2_image000230,0.0,0.0,0.0,0.0031951774351883016,0.027861749692995222,0.008488148756649955
camera0_2_image000240,0.0,0.0,0.0,0.002319262126110437,0.015816471563968725,0.005048268533072553
camera0_2_image000250,0.0,0.0,0.0,0.002313195408414471,0.0341814081927046,0.009683121193901582
camera0_2_image000260,0.0,0.0,0.0,0.00122376938844757,0.022278895476306754,0.00618224251906872
camera0_2_image000270,0.0,0.0,0.0,0.0022479687958885356,0.028261944996097108,0.00815865879512529
camera0_2_image000280,0.0,0.0,0.0,0.002218914264204763,0.02004537833944112,0.006070561619951881
camera0_2_image000290,0.0,0.0,0.0,0.0022401218187150214,0.02899420681314915,0.008340006587584811
camera0_2_image000300,0.0,0.0,0.0,0.0021505685125279323,0.02713447405250132,0.00782967105430588
camera0_2_image000310,0.0,0.0,0.0,0.0022934495474082137,0.039151027328086035,0.010929100129651611
camera0_2_image000320,0.0,0.0,0.0,0.002228615692698424,0.02723224289840554,0.007889836147793532
camera0_2_image000330,0.0,0.0,0.0,0.002202551033368362,0.03420982715496691,0.009640004801775147
camera0_2_image000340,0.0,0.0,0.0,0.0021911515664215903,0.030955248161608967,0.008812959843729162
camera0_2_image000350,0.0,0.0,0.0,0.0023471537565025883,0.022849328432821978,0.006836920503668274
camera0_2_image000360,0.0,0.0,0.0,0.0023424646309160566,0.030079648135804632,0.008660627391781108
camera0_2_image000370,0.0,0.0,0.0,0.0022911336734147392,0.021649098012512056,0.006508368339560183
camera0_2_image000380,0.0,0.0,0.0,0.00232310512985401,0.011081661787915253,0.0038543563185990705
camera0_2_image000390,0.0,0.0,0.0,0.00041874526977579143,0.003935265951267228,0.001184092787086769
camera0_2_image000400,0.0,0.0,0.0,0.0004212146760826037,0.0020132153510335257,0.0006998489313086324
camera0_2_image000410,0.0,0.0,0.0,0.00042288629246312807,0.0013561637174037398,0.0005346866272316538
camera0_2_image000420,0.0,0.0,0.0,0.0004378010405418466,0.006136909843356698,0.0017487251808919072
camera0_2_image000430,0.0,0.0,0.0,0.0003495160150006274,0.0011999530359300954,0.0004618893593260621
camera0_2_image000440,0.0,0.0,0.0,0.0004476607099775602,0.002031783941556083,0.0007165588938170866
camera0_2_image000450,0.0,0.0,0.0,0.000544404291437679,0.001813897388781645,0.0007055113922650098
camera0_2_image000460,0.0,0.0,0.0,0.0002674822439236397,0.0009195888209351283,0.0003538022373731479
camera0_2_image000470,0.0,0.0,0.0,0.0002846522135026467,0.0011827220082382874,0.00042805454357147335
camera0_3_image000000,0.0,0.002669589671432934,0.16457124134226547,0.2516822491828593,0.30193911134515955,0.22817217253110963
camera0_3_image000010,0.0,0.31598325592660026,0.2381783016060399,0.2821761391646134,0.3183937548737387,0.2771586522429939
camera0_3_image000020,0.0,0.07030739855689917,0.23558685399318285,0.28789061376972686,0.31931908972196704,0.2682337613236291
camera0_3_image000030,0.0,0.08740657739204467,0.23319959225741982,0.28824917085597734,0.31684991904067883,0.2680078897837559
camera0_3_image000040,0.0,0.05218171821923015,0.21029151688395675,0.26498398757737934,0.30917227849853823,0.24868649762950346
camera0_3_image000050,0.0,0.11052951661588241,0.20656440558855657,0.2622565524606483,0.3082535290253721,0.24901984885734565
camera0_3_image000060,0.0,0.12323491976515426,0.17910371898057334,0.24889923710653225,0.3083811573367331,0.23731702443654687
camera0_3_image000070,0.0,0.11102520917997812,0.1662073870858121,0.23812562818355154,0.3046497808907983,0.22799169132596184
camera0_3_image000080,0.0,0.056643756283928176,0.14509523595602059,0.21197373194018893,0.288800279241436,0.20483196596598321
camera0_3_image000090,0.0,0.11204798322030314,0.3587038258625092,0.24748417867377578,0.29684567202673773,0.27407052371096874
camera0_3_image000100,0.0,0.13702155260205146,0.18350083882938836,0.23429804563752782,0.29558784733015625,0.22907549593245352
camera0_3_image000110,0.0,0.15241919847233817,0.19867234113754118,0.21940390615503058,0.2800919515359753,0.22254028923329025
camera0_3_image000120,0.0,0.05223914381998699,0.1971361484941347,0.21490180229531985,0.28511802468349323,0.2168603152392372
camera0_3_image000130,0.0,0.09747861395029034,0.17630081158135094,0.2274879159846088,0.29823958341030044,0.22321583664567063
camera0_3_image000140,0.0,0.0960262641508343,0.1819173862482483,0.23193718921857118,0.2993851563711784,0.2267379980139321
camera0_3_image000150,0.0,0.09411552100744905,0.180773566277367,0.22877704583981226,0.29837072622803423,0.22469858893198444
camera0_3_image000160,0.0,0.09466415570390598,0.19420156304205308,0.23347852816138265,0.3064960041808933,0.23196421960503125
camera0_3_image000170,0.0,0.08916713906927791,0.19579618876790014,0.23268304737372417,0.3062113935153587,0.23164331659384677
camera0_3_image000180,0.0,0.08990546003748265,0.19672240321558698,0.22741993413655978,0.3069485393411786,0.2296812036585233
camera0_3_image000190,0.0,0.06846910036422524,0.1404013869959503,0.19637709966405376,0.2839780065378737,0.19599557381188853
camera0_3_image000200,0.0,0.04530028559665966,0.07827579032747552,0.17968970713204382,0.26680989193862037,0.16890243118141898
camera0_3_image000210,0.0,0.02416823978494464,0.054362357348723474,0.16306214051157372,0.2532552763962311,0.1515261449727775
camera0_3_image000220,0.0,0.01692007461648132,0.04952174425854746,0.15964437042048749,0.2507309084557228,0.14790554506976103
camera0_3_image000230,0.0,0.029951674894752152,0.0477416300558751,0.1746531470087317,0.25012962753280676,0.1547636516868335
camera0_3_image000240,0.0,0.0020755854929303823,0.01191203957709522,0.17771019312321307,0.24505800441370892,0.14546232147565652
camera0_3_image000250,0.0,0.002083872474311202,0.03622643112977744,0.21674603659245315,0.2576057331604066,0.1719008798204523
camera0_3_image000260,0.0,0.001904888063183706,0.035883634770641985,0.22642165540433362,0.2584151932649225,0.17641725357011792
camera0_3_image000270,0.0,0.0017954496069194333,0.04654245756238524,0.22707140810267357,0.2566886415993095,0.17869408306048154
camera0_3_image000280,0.0,0.0018516098653448478,0.004512056522538878,0.20571948176442614,0.24296266240196693,0.15597269450100373
camera0_3_image000290,0.0,0.0016526161119808198,0.023789727365600193,0.204035156273268,0.24262431494319048,0.15949389438491493
camera0_3_image000300,0.0,0.0016052951246806949,0.025621567545959453,0.18887416611586033,0.2357283315235869,0.15127530162776148
camera0_3_image000310,0.0,0.0015728963893836686,0.031730280232181614,0.184958853587059,0.23098612056244625,0.14968495721671693
camera0_3_image000320,0.0,0.0018683990025032528,0.0025106793126212306,0.1675890107458369,0.21886807394412386,0.13210207487081685
camera0_3_image000330,0.0,0.0015630735931628727,0.03726908744560405,0.17075831449127343,0.21737600733323678,0.14105164276902432
camera0_3_image000340,0.0,0.00152719062084823,0.04775567404470815,0.17387091598412813,0.21235130514743122,0.14357928153304195
camera0_3_image000350,0.0,0.002123056303404811,0.06602970563417825,0.1838418089105847,0.210505600190993,0.15182569228166987
camera0_3_image000360,0.0,0.0019529945077606844,0.06757289060007955,0.18911445106595642,0.20763506587477543,0.15384045917802006
camera0_3_image000370,0.0,0.0022873748443637165,0.06727360305106497,0.18501318569243902,0.19819385471421383,0.14953928262084398
camera0_3_image000380,0.0,0.002756018150225761,0.07477365098278452,0.1818427901731166,0.1906548443982376,0.14792026158115867
camera0_3_image000390,0.0,0.0025839950928803947,0.0716643554783063,0.16879902478506187,0.1808662101421459,0.13880492267738534
camera0_3_image000400,0.0,0.0028394802481547907,0.06367766975800196,0.1435206145970966,0.16827556627920612,0.12233173782344565
camera0_3_image000410,0.0,0.0016277075528145946,0.039869455080772276,0.13396761452569947,0.16258287721323675,0.11108587886153864
camera0_3_image000420,0.0,0.017399968783699062,0.03299526758942363,0.12893199634415003,0.1597934572830816,0.10724716816012489
camera0_3_image000430,0.0,0.002246650540983727,0.0257319542511863,0.11547893402104338,0.14791436657987841,0.09579282922757511
camera0_3_image000440,0.0,0.00123842245432548,0.02225074525305435,0.11284949698231979,0.14449316854472394,0.09289667926323823
camera0_3_image000450,0.0,0.0014042147157001987,0.009880649572354147,0.11414174377965619,0.14083212227766836,0.08975570816792694
camera0_3_image000460,0.0,0.0011850238402093594,0.11326799260550484,0.1360050958589622,0.14502737448212277,0.12424016279405098
camera0_3_image000470,0.0,0.0010503043575028595,0.09926695222165466,0.1468820249040004,0.1442264948992134,0.12579380088642647
camera0_3_image000480,0.0,0.0010967357884712656,0.08944684323088357,0.14450677258353783,0.14117751012681867,0.12171446265830857
camera0_3_image000490,0.0,0.0011651727321187637,0.03226499114263926,0.11160002653831406,0.12176222002394418,0.08886123507905623
camera0_3_image000500,0.0,0.0011600837053154175,0.06622398652194504,0.12170156113615992,0.11580953815463048,0.09966736139808628
camera0_4_image000000,0.015484228002961077,0.030500517424902358,0.030504590979001843,0.16376222779811253,0.12399538836410548,0.11438140445922335
camera0_4_image000010,0.0,0.0007463029315394919,0.00044211418970175687,0.07558146472100226,0.060944055056301655,0.04987952748800819
camera0_4_image000020,0.0,0.0006166576237639148,0.0004375781675464129,0.10986491699281158,0.09018195995970117,0.07283930032066374
camera0_4_image000030,0.0,0.0011876400782951674,0.0068860149557157585,0.10426810870894894,0.10119553471112025,0.07456800986400572
camera0_4_image000040,0.0,0.008194166448231475,0.026361247206144925,0.1544333673210781,0.12366823078038164,0.10778999101124495
camera0_4_image000050,0.006600693946547598,0.3728180752838242,0.3331262536512026,0.2368718394078155,0.1459437074976606,0.23731362519813473
camera0_4_image000060,0.37244795740112946,0.5286696636756385,0.40404099455929693,0.14012206293888993,0.11563292990249922,0.2162742207953447
camera0_4_image000070,0.0,3.1672445789467296e-05,0.027825815177781488,0.023148763832052204,0.07560503671626868,0.03593983492782997
camera0_4_image000080,0.0,0.0,0.0004234331582126428,0.013058326971560345,0.06785384633753111,0.023166647658770252
camera0_4_image000090,0.003703358994285492,0.0007712996168266151,0.0004400781752694191,0.03125970419874746,0.08091120705639948,0.03485097162183273
camera0_4_image000100,0.0,0.0008417782495724783,0.00541508953932244,0.13948620582546453,0.1240224092838511,0.09599057586868603
camera0_4_image000110,0.0012101750565406862,0.20797414785228666,0.3135175386345362,0.271717294580621,0.17954353951051727,0.2495789432183441
camera0_4_image000120,0.0,0.099495255060135,0.3275520962015306,0.32234985691018897,0.2097127962688071,0.2784466088887217
camera0_4_image000130,0.0,0.1169901823245605,0.3017646769337108,0.2649639226156412,0.2005301090874071,0.24497767976118998
camera0_4_image000140,0.0,0.09916875011123603,0.1407547782243265,0.1560550827871299,0.16930204171525984,0.15018456216010204
camera0_4_image000150,0.005959126144571411,0.023662226277550772,0.054992951241598385,0.11601034236061429,0.15530182892887068,0.10564394750427666
camera0_4_image000160,0.03412679935814669,0.08228243598944117,0.13335283601604284,0.18290558175956576,0.17372794584443058,0.1617465979426344
camera0_4_image000170,0.0,0.11987267749262748,0.18435393208607684,0.22776933423291093,0.18480257526998026,0.19754621154428134
camera0_4_image000180,0.0,0.11828111427844878,0.1266205156211057,0.22034675539001938,0.1816222232813446,0.18017561808396168
camera0_4_image000190,0.0021526609506375073,0.019853961071795285,0.04628078798595136,0.14872612109550895,0.1504471833070102,0.11705879705435658
camera0_4_image000200,0.00028451241593295643,0.05055490079346263,0.06346104321919718,0.10711664357644035,0.13088400525462193,0.09846756205191566
camera0_4_image000210,0.0,0.011332198412393333,0.041026984786295545,0.11346181340100192,0.13746850630267554,0.09612723546625555
camera0_4_image000220,0.002192478882382455,0.10037898433311744,0.1397441103592034,0.13454740442573349,0.14751500291100172,0.13477617315433116
camera0_4_image000230,0.0,0.2274753348414945,0.2486429275113131,0.1706450899742426,0.1599244138321272,0.18480044717611294
camera0_4_image000240,0.0,0.10415832835955235,0.16303321488773084,0.16010383746859536,0.16528313336232453,0.15630010942158262
camera0_4_image000250,0.0,0.0024725801146657156,0.043670312716405826,0.11842762329160826,0.14654121274591891,0.10087355569096335
camera0_4_image000260,0.0,0.05853426112293454,0.09535464553355297,0.11447057337989333,0.13240412949479632,0.10979962362649642
camera0_4_image000270,0.04238428482996192,0.0447175927666317,0.04026377335809434,0.0630387458738752,0.11573113178088919,0.06991873228801447
camera0_4_image000280,0.0,0.0008979889092783351,0.000479938703677735,0.0068400345816935675,0.09892621552411397,0.02824036884043973
camera0_4_image000290,0.0,0.0013239827351449007,0.0006634339310289818,0.015679878946739792,0.10628659253487666,0.03417822779526745
camera0_4_image000300,0.0,0.0,0.0004147290663009602,0.03366708241837948,0.10540654019708814,0.04201528906814152
camera0_4_image000310,0.0,0.0,0.0004680810878692788,0.0005203903512031601,0.10003475578719113,0.025604225100615694
camera0_4_image000320,0.0,0.0010186562053304967,0.000520314639183215,0.000479983802661758,0.09946367672574567,0.025499820419888942
camera0_4_image000330,0.0,0.0,0.0,0.0008922740547145548,0.0999861457571077,0.02565460582211941
camera0_4_image000340,0.0,0.0,0.0,0.0003388147046110361,0.10792064160283996,0.027406693957358265
camera0_4_image000350,0.0,0.0008424821945820879,0.0006547630814746389,0.001361678109142018,0.11305843891906463,0.029356159869664403
camera0_4_image000360,0.0,0.0009179453193948805,0.0006699653028115495,0.002308700077573876,0.11492812285349444,0.030265652000794868
camera0_4_image000370,0.0,0.0011077127665159044,0.0006481362218825857,0.0021517187293289518,0.1173101546315126,0.030799484657063305
camera0_4_image000380,0.0026324717383201467,0.0030696375465295886,0.0018394257834427222,0.004753952611909572,0.1219931011901158,0.03357798777628563
camera0_4_image000390,0.004047733710702118,0.005172149415730593,0.002792019970800248,0.006865615125462805,0.1249803947489314,0.03563285998489165
camera0_4_image000400,0.003748754684328866,0.006238996311557116,0.003337469774001036,0.003954781800378508,0.12613730520681474,0.03476832195831368
camera0_4_image000410,0.0026451615200746886,0.0009973830378958133,0.0005763308053369565,0.002671871411188073,0.12517743087818992,0.033054706821100406
camera0_4_image000420,0.0026969872614770246,0.0032573385136854187,0.0018700079598899888,0.007436366188652037,0.12583106637995597,0.035783235504245135
camera0_4_image000430,0.002691970928404488,0.00342312339532335,0.001972308749978858,0.012848630705972754,0.12665297959403765,0.03848159409727238
camera0_4_image000440,0.0,0.005140904413156865,0.002849613982734744,0.015804469749282086,0.12569621576018222,0.03980663552720149
camera0_4_image000450,0.002769549113999126,0.006150827958463905,0.003360845713027362,0.011737816100623336,0.13557883539500215,0.04067181274734611
camera0_4_image000460,0.0027049228272339283,0.028689165588369574,0.01890457429407733,0.027490373469969853,0.13383571978792935,0.051947715285512085
camera0_4_image000470,0.017668376582405648,0.16818881849515221,0.08652719501922335,0.04442570899469512,0.13878452275792794,0.08290725553570624
camera0_4_image000480,0.03348858178076925,0.2561501355429147,0.22948749616355804,0.08630528116931821,0.14657634718910345,0.1407198764599139
camera0_4_image000490,0.002894933730697214,0.023813794819672444,0.10781777562531765,0.12606840153612586,0.16081714124190147,0.12355917672618834
camera0_5_image000001,0.0,0.0013975678966635463,0.0017457930253792324,0.1499423281240644,0.16457734200420457,0.1101758354979184
camera0_5_image000011,0.0,0.025743567780979564,0.1384123195582461,0.224885045113801,0.1692584729444479,0.17759002120007078
camera0_5_image000021,0.0,0.0009373402011161813,0.22906701658888748,0.2724988107485383,0.17637901706226466,0.22050654357975366
camera0_5_image000031,0.0,0.2810879822592456,0.4316008374546456,0.35895931212612364,0.19878590520263362,0.32422961049128496
camera0_5_image000041,0.0,0.3082061430825285,0.44861332354235395,0.4206126495362006,0.21833341916523338,0.3622892134528671
camera0_5_image000051,0.0,0.2791579036298446,0.4389755312255529,0.4215192638312625,0.225097556909488,0.36089864458639287
camera0_5_image000061,0.0,0.17773041840733356,0.4101868658120358,0.3219948960712395,0.20613980385512415,0.2997197654867413
camera0_5_image000071,0.0,0.11361445512799852,0.1786245730104061,0.18224076140139725,0.17364269566896073,0.17244666258178643
camera0_5_image000081,0.0,0.0008297165391651069,0.000444062487692755,0.039594202739818105,0.14341541596730464,0.054352016695694005
camera0_5_image000091,0.0,0.0006606480165765273,0.0004039468315029512,0.023346423811952934,0.13955474690925943,0.04597494408134073
camera0_5_image000101,0.0,0.0008683255258358668,0.0004825049209777861,0.05961944936594077,0.14751311878627965,0.06449966683548003
camera0_5_image000111,0.0,0.0010183838151991685,0.0009338120155286937,0.06090002326637857,0.15649540398122977,0.06745939034379297
camera0_5_image000121,0.002111325371966107,0.0009682381780984949,0.0022589808856003954,0.16855215363889872,0.18177967810806153,0.12311864301942671
camera0_5_image000131,0.0021515945031965406,0.0011205834303091397,0.0009239455798519734,0.24805061856665997,0.18661279233258163,0.16017911347276295
camera0_5_image000141,0.0,0.0012058270400695913,0.11100025221447678,0.30294404074844783,0.1930147800459913,0.21172508314480568
camera0_5_image000151,0.0,0.0015366397135915145,0.2784073183062767,0.33200067245466797,0.19747081559842278,0.2641200019295228
camera0_5_image000161,0.0,0.0014267463860248165,0.25266728969099994,0.32756419041117385,0.1966456485703141,0.2560400420156064
camera0_5_image000171,0.0,0.02490797726672027,0.26583265347524915,0.34209718814737305,0.20283493793148744,0.2682683587455763
camera0_5_image000181,0.0,0.0014477408579230597,0.23507946035287777,0.3470025265140904,0.21334623177424908,0.2650966886797014
camera0_5_image000191,0.0021222159138860972,0.09311983141828038,0.3578313553465553,0.3609414071281512,0.21474965022063042,0.303894886311008
camera0_5_image000201,0.0021327307688346004,0.05107339918581185,0.34258951459963066,0.3700670633120903,0.2217489006382885,0.30443535556935847
camera0_5_image000211,0.0,0.0010659352932593151,0.2810873988243108,0.35893260425082935,0.22001287721415858,0.28264194246472385
camera0_5_image000221,0.0,0.001317744489432448,0.008643887599966257,0.3428935688164425,0.21970234488901627,0.21336552060774538
camera0_5_image000231,0.001994279901710851,0.20486112861264222,0.3715949148417841,0.3895033580079198,0.23017749623768397,0.32897815897776383
camera0_5_image000241,0.0,0.08298240126854778,0.30640152092243883,0.3638565945025974,0.22264255586278123,0.2950208654106006
camera0_5_image000251,0.002079010250878239,0.0477596484960829,0.29134626547941955,0.3535857851008069,0.21700972780070168,0.2839492013795418
camera0_5_image000261,0.0,0.013591627023731317,0.2575388847551214,0.34957972986653707,0.21787481022647925,0.2730681346288172
camera0_5_image000271,0.0,0.0012139517895426548,0.24831499350467987,0.3372754643778236,0.21448474389335798,0.2639602488004443
camera0_5_image000281,0.001995470045419756,0.005631740355783883,0.23049112830333965,0.350135507032947,0.2216270909143192,0.26779958836219536
camera0_5_image000291,0.002131801673682116,0.022200843672107267,0.2680708267764236,0.3791445485302914,0.2345530183867319,0.29354637521083327
camera0_5_image000301,0.002137770491596841,0.076439645691623,0.29694709655938056,0.38113469994568483,0.23678488855493154,0.30404290232939757
camera0_5_image000321,0.0,0.001091178213581586,0.21084178209648882,0.3644283585753929,0.24168833546894325,0.2746498476944253
camera0_5_image000331,0.0,0.0010282765044794227,0.2216085854180232,0.3588971015172852,0.24310966827042746,0.2749387039516558
camera0_5_image000341,0.0,0.0023321940967030094,0.2975558074318484,0.37535844265911106,0.2535023029258584,0.30236553569149405
camera0_5_image000351,0.002176916599239829,0.058924150132444064,0.28183478550963975,0.3497716392387756,0.24334040461031836,0.2872124147854944
camera0_5_image000361,0.0021554155277451995,0.04549246829636777,0.2270034860592288,0.3314721504602278,0.23540082466332254,0.26381689658600854
camera0_5_image000371,0.0,0.043623909759193065,0.20697663071205386,0.31895557028012217,0.23195046165138553,0.25257620190734814
camera0_5_image000381,0.0,0.0013599265667641792,0.08858644698261804,0.3010822814274361,0.22861874029269344,0.2147826858405161
camera0_5_image000391,0.0,0.042739088396790643,0.1547748978295788,0.3243793693511331,0.23795438732345414,0.24465345861452703
camera0_5_image000401,0.002135288430536586,0.07655690736698349,0.20252467278721303,0.3556636634871177,0.2539491265188101,0.27534520017792996
camera0_5_image000411,0.002144382989131467,0.08883458989655,0.17742128323853332,0.3615291119130031,0.2558849547735502,0.27335310301821575
camera0_5_image000421,0.0021645842955463003,0.09951218324711558,0.18537185873026765,0.362914054652978,0.2604160201582609,0.27741953311085243
camera0_5_image000431,0.0,0.0015283448238692784,0.0873396681637923,0.324567217709359,0.25927455382667414,0.23292332048465164
camera0_5_image000441,0.0,0.0010476413115896768,0.13429141014684154,0.3249117855973869,0.2595100894725912,0.2437884212414448
camera0_5_image000451,0.0021866575056139073,0.160790217608194,0.21920542945657095,0.3425560072315045,0.27120959960838,0.2813667855823017
camera0_5_image000461,0.0,0.1230839606456149,0.1984321420258521,0.3148776540364151,0.25808718769648015,0.25899267820744815
camera0_5_image000471,0.04469104785563243,0.19253111678040624,0.2924888169208588,0.3005071843125849,0.2518151737468072,0.276312859996754
camera0_5_image000481,0.037200922923883634,0.1908271719129258,0.24661615831460496,0.28248861169800726,0.24870671910040235,0.2566832644995422
camera0_5_image000491,0.12384066367842438,0.18290016834941183,0.19578670517450752,0.27329876260785385,0.2448918471607906,0.24138053987604616
camera0_5_image000500,0.060247305322599025,0.13985720326462137,0.13702473969509368,0.2728735656579204,0.24850476057294194,0.2255034155293469
camera0_6_image000001,0.0,0.0,0.0,0.0021825051437707656,0.009045950591503841,0.0032763787500735076
camera0_6_image000011,0.0,0.0,0.0,0.002206334293799842,0.009624194637011738,0.0034332314055180095
camera0_6_image000021,0.0,0.0,0.0,0.002221035252191413,0.007215336212618201,0.002831616077414806
camera0_6_image000031,0.0,0.0,0.0,0.0021650633805170923,0.009919986687427754,0.0034891668617066623
camera0_6_image000041,0.0,0.0,0.0,0.0022401276734922773,0.00954664049530948,0.0034290076534331925
camera0_6_image000051,0.0,0.0,0.0,0.0021642124318105296,0.0063396970554143945,0.0025846665234023347
camera0_6_image000061,0.0,0.0,0.0,0.0021922798142676924,0.00849985067757453,0.0031429177634485477
camera0_6_image000071,0.0,0.0,0.0,0.0022867873212115072,0.008031084661754383,0.003067500464630044
camera0_6_image000081,0.0,0.0,0.0,0.002145562772933777,0.007018160603937075,0.002747518584650951
camera0_6_image000091,0.0,0.0,0.0,0.002211505319471824,0.009719521173501616,0.0034596542294320102
camera0_6_image000101,0.0,0.0,0.0,0.002171274360044153,0.00653330262865837,0.0026367667870549846
camera0_6_image000111,0.0,0.0,0.0,0.002139635782589264,0.012638663483830845,0.004164143407194787
camera0_6_image000121,0.0,0.0,0.0,0.0022147644801271214,0.009538100862438694,0.0034153224562291353
camera0_6_image000131,0.0,0.0,0.0,0.002147802410639516,0.005808458351019767,0.002443056234891616
camera0_6_image000141,0.0,0.0,0.0,0.002149777049630301,0.010051442502229968,0.0035154144423142353
camera0_6_image000151,0.0,0.0,0.0,0.002197148028058126,0.009233113468603444,0.003330297959370692
camera0_6_image000161,0.0,0.0,0.0,0.0021478751969491996,0.007711613122941718,0.0029236839589520613
camera0_6_image000171,0.0,0.0,0.0,0.0021717345449659975,0.012516629832350096,0.004147917175072911
camera0_6_image000181,0.0,0.0,0.0,0.0021869705816035144,0.008837943741024312,0.003225881512098614
camera0_6_image000191,0.0,0.0,0.0,0.0021379516939326643,0.010798318395942471,0.003698644304298262
camera0_6_image000201,0.0,0.0,0.0,0.0022020906085079644,0.01242288486917468,0.004138042415274963
camera0_6_image000211,0.0,0.0,0.0,0.0022032460387358954,0.008194705477551393,0.003070845542241384
camera0_6_image000221,0.0,0.0,0.0,0.0021533534556937724,0.012736969561628071,0.004195203480271893
camera0_6_image000231,0.0,0.0,0.0,0.0021719091019163383,0.011907924846389447,0.003994283138848156
camera0_6_image000241,0.0,0.0,0.0,0.0021762722458082413,0.008231160473703168,0.003067790534383303
camera0_6_image000251,0.0,0.0,0.0,0.0021391139656561594,0.012543772601016618,0.0041399438735347325
camera0_6_image000261,0.0,0.0,0.0,0.0021367964543110947,0.010714387092364629,0.0036769244217486
camera0_6_image000271,0.0,0.0,0.0,0.002186641548977213,0.010369389895875023,0.0036124607787964306
camera0_6_image000281,0.0,0.0,0.0,0.002142486722733975,0.01315565868628513,0.0042959936331328575
camera0_6_image000291,0.0,0.0,0.0,0.002144765279476752,0.010961429803533674,0.0037429311380282014
camera0_6_image000301,0.0,0.0,0.0,0.0021472391082062044,0.007929026182727176,0.0029782971155298556
camera0_6_image000321,0.0,0.0,0.0,0.0021263157926114137,0.010370100026316968,0.0035852193063175175
camera0_6_image000331,0.0,0.0,0.0,0.0021302104185376824,0.006651533173445382,0.0026479575572760363
camera0_6_image000341,0.0,0.0,0.0,0.0021346140819781894,0.004670038178222167,0.0021495816984300055
camera0_6_image000351,0.0,0.0,0.0,0.002116626447941453,0.007151692579276458,0.002768085905447213
camera0_6_image000361,0.0,0.0,0.0,0.0021616899135077057,0.006997996002407431,0.002749757032000301
camera0_6_image000371,0.0,0.0,0.0,0.002143528178971242,0.0033778066559596574,0.0018273124692191466
camera0_6_image000381,0.0,0.0,0.0,0.002123235395903582,0.00577511173580645,0.0024234685475840404
camera0_6_image000391,0.0,0.0,0.0,0.002122962311258246,0.0049531105618599155,0.0022157683641728966
camera0_6_image000401,0.0,0.0,0.0,0.0021895144017028663,0.004297672657505563,0.002080504692063293
camera0_6_image000411,0.0,0.0,0.0,0.0021292753244105856,0.0023015298072779117,0.0015490468159638645
camera0_6_image000421,0.0,0.0,0.0,0.0021427797734815952,0.00218384978972961,0.0015254680257566718
camera0_6_image000431,0.0,0.0,0.0,0.00042879849834289796,0.000862909568487724,0.00041281486502649597
camera0_6_image000441,0.0,0.0,0.0,0.00042946128082127526,0.0007323105167714047,0.00038013657127517294
camera0_6_image000451,0.0,0.0,0.0,0.00042562654375550435,0.0005368324006317635,0.0003290303483312269
camera0_6_image000461,0.0,0.0,0.0,0.0002602367181905802,0.0002969491002152348,0.00019327656387835138
camera0_6_image000471,0.0,0.0,0.0,0.000267800878378998,0.00029042797977639294,0.00019506807092388423
camera0_6_image000481,0.0,0.0,0.0,0.0002731679546114467,0.0003506671384195955,0.000212719559777826
camera0_6_image000491,0.0,0.0,0.0,0.0002836548985205003,0.0003162390506871848,0.00020879239091517096
camera0_6_image000500,0.0,0.0,0.0,0.000578811845023026,0.0008723343278774198,0.00048338273962597155
camera0_7_image000001,0.0,0.002394465001957607,0.10460095680403209,0.22781830318537707,0.28862927750804995,0.20032173941053077
camera0_7_image000011,0.0,0.26502900801720347,0.21716691066192428,0.2696121640884889,0.30468549177060855,0.26089465357795627
camera0_7_image000021,0.0,0.15848049392930444,0.1729471526342028,0.25899470638311134,0.2984525286295244,0.23960149656494256
camera0_7_image000031,0.0,0.22495852225884125,0.1942699469814329,0.26284306679567854,0.29838374027516396,0.24920119868617588
camera0_7_image000041,0.0,0.29218796235070543,0.2394170004254671,0.2649570452026496,0.30256445425742134,0.2645344114212696
camera0_7_image000051,0.0,0.349282104363047,0.26855632202042484,0.2543410768100392,0.29806498769884526,0.2677905036769283
camera0_7_image000061,0.0,0.2195310327478428,0.16940985396477273,0.22907303144196078,0.29074473193388733,0.2260254148970492
camera0_7_image000071,0.0,0.27798829495754185,0.20467219991477073,0.2290282574850377,0.2911395882687249,0.2367760921104633
camera0_7_image000081,0.0,0.14308608424116065,0.1496456138659915,0.20751339194606536,0.2826224033207569,0.2062078425420373
camera0_7_image000091,0.0,0.17115245271401647,0.17185676489869345,0.2145983284384836,0.28366056395652106,0.21601416288967928
camera0_7_image000101,0.0,0.12110040689380193,0.1479093341333421,0.21015771377641304,0.28043945928683023,0.20546460051647922
camera0_7_image000111,0.0,0.11211817651137058,0.15517146313196764,0.20518835391039353,0.27775431522596855,0.20376993455946626
camera0_7_image000121,0.0,0.10124558668817624,0.1465868987072612,0.20175110635088167,0.2777305146804624,0.19975629306880008
camera0_7_image000131,0.0,0.0970147063294896,0.1491588419726659,0.20818473517360814,0.2813261063704223,0.20398086732263038
camera0_7_image000141,0.0,0.09898576699999774,0.15397734928108048,0.21348980601048212,0.2859668229275039,0.20874887024225644
camera0_7_image000151,0.0,0.09321059675269848,0.15732471912091175,0.2137471674487755,0.28957524810642143,0.2102753293279079
camera0_7_image000161,0.0,0.002158511166922615,0.13652367670042226,0.2036296735466697,0.28525800584488603,0.19572001496699742
camera0_7_image000171,0.0,0.08676647918351954,0.165233766387236,0.21174654200679238,0.2934821425044026,0.2118571399288299
camera0_7_image000181,0.0,0.06496372557242305,0.15238054594351536,0.20470653470565592,0.29124908264873917,0.20418101188664436
camera0_7_image000191,0.0,0.0615332044284101,0.11199877934581477,0.18846015148648634,0.2840922055517896,0.1856553930393446
camera0_7_image000201,0.0,0.0020794410830633895,0.046208264219559515,0.1703988438090961,0.27283453992319673,0.1569480292858885
camera0_7_image000211,0.0,0.038226654523747614,0.05079314945953333,0.1664996845573933,0.26839841401487396,0.15674052488536117
camera0_7_image000221,0.0,0.034185207512846726,0.04943881597447406,0.16876256193012693,0.2681425396314907,0.15721298556440708
camera0_7_image000231,0.0,0.01610872070094383,0.04743827353419178,0.18859012448692905,0.27136829780722704,0.16576377216935234
camera0_7_image000241,0.0,0.007860930663052608,0.03226181684054398,0.20314870196293616,0.2747992387731596,0.16942361236926184
camera0_7_image000251,0.0,0.00356521405940544,0.030255668306473422,0.22549462247060315,0.27728255392013434,0.1795567460539727
camera0_7_image000261,0.0,0.0017112550496674918,0.038337918627808,0.2325073516544372,0.278125861456768,0.18470991088603916
camera0_7_image000271,0.0,0.0012352753702826558,0.03743709128003178,0.2357767655431892,0.27560150949750306,0.1853321765641201
camera0_7_image000281,0.0,0.0009181279854394032,0.027554658872925353,0.22925336998620807,0.2706922491359384,0.17886686139750446
camera0_7_image000291,0.0,0.00020286443302002205,0.023452401505407797,0.21509248104980944,0.26222886446628996,0.16932803214867445
camera0_7_image000301,0.0,0.0003555780863306471,0.01535642256165862,0.20332669208519655,0.2560887608198668,0.16059636134703192
camera0_7_image000321,0.0,0.0,0.027366883697585925,0.18948944985699925,0.24409960795896607,0.15399262955287524
camera0_7_image000331,0.0,0.0,0.02729288491071219,0.18550134176794314,0.23745078779065873,0.15048404025065437
camera0_7_image000341,0.0,0.00434287527548947,0.05051863532725436,0.19392765690018735,0.23766136309290356,0.15984334213569482
camera0_7_image000351,0.0,0.008973335436419946,0.06354686087435135,0.20259028526804973,0.23443291181952652,0.16613707082512155
camera0_7_image000361,0.0,0.0013369873675584192,0.03446713229620634,0.19656051674557898,0.22660055145604716,0.15446226221990642
camera0_7_image000371,0.0,0.009415842408894672,0.06330509769885943,0.20151725619423327,0.22203613550312093,0.1624839990442699
camera0_7_image000381,0.0,0.01631843667557198,0.07684380442826054,0.2016512995148906,0.21734767437822877,0.16475170608385425
camera0_7_image000391,0.0,0.006015038932572198,0.053264649432434474,0.19086967185406972,0.20935236210742203,0.15200471286408976
camera0_7_image000401,0.0,0.003380025069431239,0.053074361546751964,0.17131924967092302,0.20094253029380174,0.14083144181970503
camera0_7_image000411,0.0,0.0,0.012506561776986638,0.15577374816135803,0.19259944085525305,0.12228487200630823
camera0_7_image000421,0.0,0.0010186430603174338,0.03539152220835588,0.15162873515397493,0.18886214989893368,0.12470444417031844
camera0_7_image000431,0.0,0.0,0.015309051545662523,0.14516177450098977,0.18641876668573837,0.11653740080267969
camera0_7_image000441,0.0,0.0,0.014889396530269293,0.15165066173869143,0.18567764517011986,0.11920436696388942
camera0_7_image000451,0.0,0.0,0.020581058756063957,0.16727010181609403,0.1893948344113942,0.12853635620222623
camera0_7_image000461,0.0,0.0,0.051273350784042,0.1928030301448738,0.19641121167734485,0.14888956607165393
camera0_7_image000471,0.0,0.0,0.036719749400272846,0.20104649289603627,0.19556197882036455,0.14911450517511854
camera0_7_image000481,0.0,0.0,0.004131536188110847,0.1934035997549663,0.1898617405556104,0.13679459663733437
camera0_7_image000491,0.0,0.0,0.0014122215737275095,0.1993551458052451,0.19436448328190908,0.14001887503729782
camera0_7_image000500,0.0,0.0,0.0010733948640931162,0.20119622124292547,0.19108559829430063,0.13995072017910218
camera0_8_image000001,0.0562000686172397,0.025832505700005705,0.01340133885271294,0.09522584138415008,0.07962548702513778,0.06874723813116844
camera0_8_image000011,0.0,0.02034301790860722,0.1220889516369788,0.1971555644943768,0.12566403553097988,0.1500216796256774
camera0_8_image000021,0.0,0.0018095886835046802,0.06560114777749501,0.20070477111318002,0.1369469802308629,0.1408036179791307
camera0_8_image000031,0.0,0.004577445132700064,0.10780111511407743,0.21268284503263243,0.1539660405741018,0.16026265286853272
camera0_8_image000041,0.0,0.010641360804321038,0.10748041258779467,0.22763880949638224,0.15888438566583168,0.16850557046290554
camera0_8_image000051,0.0,0.13808469410868768,0.17539081861143357,0.20705443316570074,0.13472593501630017,0.17427547889000217
camera0_8_image000061,0.0,0.13730456109851186,0.142288571323147,0.13053744251268357,0.11037627921435841,0.1257874270014516
camera0_8_image000071,0.0,0.0,0.011875079834304855,0.02780915288447365,0.0881889738626021,0.03760934871351706
camera0_8_image000081,0.08841560904213651,0.05799150240387964,0.05192249184707791,0.0581678232910948,0.10682643163470389,0.06963900893361392
camera0_8_image000091,0.03815796757654014,0.11149701399094603,0.11492297703480708,0.1048679372186398,0.12219098956004616,0.11048132722459932
camera0_8_image000101,0.0,0.2347330726734982,0.2177093224607992,0.20584723827895532,0.1579203496959998,0.19359487926617694
camera0_8_image000111,0.0,0.45518572224614373,0.4116049307415143,0.32053247033882,0.20474339498103192,0.31163629021781925
camera0_8_image000121,0.0,0.49726116016468785,0.46251505286056643,0.3352292833383934,0.22106860402111125,0.3359221895036262
camera0_8_image000131,0.0,0.5041087210200786,0.4561482930790278,0.2616697649376173,0.2127596017553898,0.2992520737873304
camera0_8_image000141,0.0,0.12754628589761724,0.16803453293354997,0.162779880479387,0.18429182205849617,0.16451641869271522
camera0_8_image000151,0.0,0.07035486633449003,0.1064108638040305,0.14175710832917957,0.17347093673061134,0.13562307704216284
camera0_8_image000161,0.005803048738118828,0.15777544258537218,0.18369293389110913,0.20994978228540365,0.1875590019572931,0.19183234195389565
camera0_8_image000171,0.02283004248404403,0.30950031728041233,0.29270170870468776,0.2542819188792478,0.20074911193387524,0.24732943541917377
camera0_8_image000181,0.012765116714581727,0.12138206044973501,0.12408127283212383,0.22438666333170865,0.18844673030334877,0.183557032845315
camera0_8_image000191,0.0004653350291398009,0.028892322255845034,0.08184180818236866,0.16235914074761132,0.1585894125718747,0.1337705399217386
camera0_8_image000201,0.0,0.042649640993930774,0.06853501383929385,0.12098622406557075,0.14085999479798741,0.10807920352279861
camera0_8_image000211,0.0,0.0545761118531562,0.09134945649012008,0.13315007988748678,0.14838327183088107,0.12123525924318905
camera0_8_image000221,0.06929673707324575,0.2509549969392632,0.22572129417037184,0.15897950675884842,0.1575437463988933,0.17615446003360483
camera0_8_image000231,0.013353376674063139,0.3422854955837688,0.30595147252091626,0.1825016212274963,0.16848276747824753,0.2108640581554446
camera0_8_image000241,0.0070231180750371875,0.21385528405694887,0.21235167709473535,0.17073501544978315,0.17295431360272387,0.17940647761965706
camera0_8_image000251,0.01393708435197374,0.07026892117020705,0.102405949785405,0.13416543975979733,0.15663265848498711,0.12728767106522143
camera0_8_image000261,0.022169906361702216,0.12301015749906918,0.12706988565535693,0.1261588763134648,0.14041547569266194,0.1277221643953241
camera0_8_image000271,0.026729096858863873,0.02289609900722182,0.027182368526213703,0.05575888181610007,0.11895520373616636,0.06314266369917812
camera0_8_image000281,0.002212556744017495,0.0015364973655128012,0.00105127289637609,0.01225476808277267,0.10822782916786168,0.033254073583056404
camera0_8_image000291,0.0006800543604620856,0.0010457725264956185,0.0009456968022684029,0.0231332179877858,0.11327266834681689,0.03939551294203977
camera0_8_image000301,0.0,0.0,0.0,0.034677435524038666,0.10902609049631767,0.04329431172716807
camera0_8_image000321,0.0031455800360548547,0.0019848150520827687,0.0011637026019739865,0.0012223444912732463,0.10967604616114218,0.028669826186734537
camera0_8_image000331,0.01236311532518442,0.003746727043176032,0.00206750725377812,0.0008214144569235344,0.11409572829242301,0.030075376499260335
camera0_8_image000341,0.009590109385893714,0.0035371262170881385,0.002252955351830813,0.0013490845662982585,0.11669853818539573,0.030949101437203648
camera0_8_image000351,0.0,5.3393782410420756e-05,3.8942540838219764e-05,0.0028374678010679834,0.11792867196889553,0.03108100332788004
camera0_8_image000361,0.005289198479351114,0.015369132780406138,0.008527784793327055,0.005252782920250882,0.11873615358093934,0.03511508811368815
camera0_8_image000371,0.0,0.0,0.0,0.009178670685480192,0.133132207990507,0.03779136748090148
camera0_8_image000381,0.03671477707941886,0.0094219783926087,0.00542573641756039,0.007056713697543458,0.12443797813165922,0.03703443531314732
camera0_8_image000391,0.03332770435798155,0.009296800109955856,0.004857802039591623,0.006902645207889144,0.12331710897087683,0.036478164785136075
camera0_8_image000401,0.03236549832723878,0.007810622101408291,0.0041313260988476205,0.004010636134459175,0.1252091879771027,0.03538931271528365
camera0_8_image000411,0.009606740918772831,0.011688818567235767,0.006283057414611785,0.003758994955577625,0.12742992407313813,0.03604126092978063
camera0_8_image000421,0.024717812957756744,0.008089741200756097,0.00457645478835101,0.011807479886931538,0.13062555329730557,0.04026045577173063
camera0_8_image000431,0.01679693430327584,0.010637937878607173,0.005743209543855865,0.01742115384372639,0.13089465425413144,0.04310106144563607
camera0_8_image000441,0.036708967180457894,0.012270509135529142,0.006240822740206921,0.021584712688738485,0.13538986180044604,0.046718306597270595
camera0_8_image000451,0.037413605713824835,0.013782382704543617,0.006825784441504941,0.012025007365324886,0.13235322715593967,0.041822061554242694
camera0_8_image000461,0.019713760666871496,0.009785583430918296,0.005578882253685218,0.021642256964000437,0.12623546967884117,0.04382601821042221
camera0_8_image000471,0.011767632766209134,0.008906987697381935,0.005411250087832687,0.029302951967828183,0.12826983811299936,0.04758331948004118
camera0_9_image000004,0.0,0.005132684348941354,0.015025949955590357,0.03558857656258206,0.04032634645504875,0.030008338992559606
camera0_9_image000008,0.0,0.0,0.0005179477511425625,0.025267867934970368,0.06025927541030151,0.026820098653857424
camera0_9_image000010,0.0,0.0,0.0008372865951255051,0.04619619951095769,0.064389248934519,0.03744847626006422
camera0_9_image000017,0.0,0.0,0.00591312177917534,0.07400696679366904,0.05464395082018402,0.048782399154051546
camera0_9_image000018,0.0,0.018948979411856488,0.045403175583659916,0.06840816076839693,0.05294953434256302,0.05564593384977357
camera0_9_image000035,0.0,0.0,0.0,0.006127661030224213,0.033089886179387726,0.011141332331765369
camera0_9_image000046,0.0,0.0,0.0,0.031576752155271656,0.04406728219567789,0.025481170726051983
camera0_9_image000053,0.0,0.0,0.0,0.029118252664404255,0.034390017684517965,0.0219199172930416
camera0_9_image000054,0.0,0.0,0.0,0.019659439107889875,0.03142372167576399,0.016871391936859874
camera0_9_image000061,0.0,0.054050076551004224,0.07535658431828479,0.06166264038563674,0.06278393760834736,0.06346632069902222
camera0_9_image000074,0.0,0.0,0.0004809392986482523,0.020908117321709795,0.06437708155376319,0.02586983285394525
camera0_9_image000114,0.0,0.0,0.0,0.02343173412103477,0.037069097551419204,0.02001167145688914
camera0_9_image000116,0.0,0.0,0.0,0.06678825025754803,0.06203193826469554,0.046022926446535405
camera0_9_image000127,0.0,0.0,0.003342488591425369,0.039501870330411276,0.04382296704068814,0.02978145792113891
camera0_9_image000139,0.0,0.0,0.0,0.013823037700071383,0.025297259524906635,0.012671395804301674
camera0_9_image000141,0.0,0.0,0.0,5.916804999646342e-05,0.016844309591252007,0.004280508101324614
camera0_9_image000179,0.0,0.13761328969876863,0.15553737985719054,0.11822237093769378,0.10894810693340251,0.12285414359557986
camera0_9_image000197,0.005034405306136153,0.0012116313271335792,0.0005873720410462649,0.00028270557917029024,0.0012344815796989472,0.0007305132632631352
camera0_9_image000222,0.0,0.0,2.002703646723174e-05,0.026905712729411484,0.03754255402988135,0.021714863958495374
camera0_9_image000228,0.0,0.04199759791536217,0.08373044849978599,0.1011611588636377,0.08826201241918855,0.08920936102229934
camera0_9_image000248,0.0,0.0,0.0,0.03417784137744478,0.04443382817868037,0.02675604612577775
camera0_9_image000249,0.2762111485617661,0.060423702495399446,0.032515645999811604,0.0771726797374721,0.07271921754886893,0.06915840424501504
camera0_9_image000263,0.0,0.07091374935239324,0.10003604838144918,0.09020517732746088,0.07864648741055195,0.08682139520876596
camera0_9_image000276,0.0032922339006302135,0.03810972194520243,0.06659559136512325,0.07796669613725958,0.07347564544861267,0.07092799479456435
camera0_9_image000292,0.0,0.03728041478590687,0.08372707034532104,0.10588639547649116,0.11625890286665191,0.09821193249913743
camera0_9_image000295,0.0,0.0,8.852958717457149e-06,0.02064542867573627,0.05097348909832585,0.022258391004418173
camera0_9_image000353,0.0,0.0,0.011026680389520866,0.05764595981646907,0.05788652791137099,0.043326582811005654
camera0_9_image000361,0.0,0.0,0.021356720617187547,0.07105768295997916,0.0697066453024148,0.05475543514794038
camera0_9_image000381,0.0,0.0,1.6723807855279006e-05,0.031399051849129216,0.05542558864402004,0.028272457929172032
camera0_9_image000383,0.0,0.0,0.0,0.01100466464573493,0.04089055166798052,0.01532801717936939
camera0_9_image000393,0.05131323823279188,0.16214373846835692,0.20588596441160137,0.176119843168986,0.14447196011838337,0.17173635802422224
camera0_9_image000396,0.04738808378240216,0.12757500087204682,0.1618294898029568,0.1715865781394013,0.1500536061575809,0.15942185214412088
camera0_9_image000416,0.012345832919952837,0.0030583366028421786,0.0015700561418442672,0.00059956732072145,0.0033642231302335518,0.001867338903358522
camera0_9_image000443,0.0,0.0,0.0,0.026757099485735816,0.049588983287981225,0.024684788475329473
camera0_9_image000475,0.0,0.04042087358987979,0.04935947981627361,0.12059572977029875,0.09666447528631393,0.09228183786708906
camera0_9_image000495,0.40342210410769686,0.3693443883381822,0.2985819572871747,0.1922397275779583,0.13562395712678516,0.21442802690784024
camera0_9_image000496,0.410764160638284,0.43558101913504543,0.3281192111984141,0.20900573418670965,0.144885427065822,0.23425978661005897
